Country,CountryCode,Year,Democracy score
Afghanistan,AFG,2006,0.306
Afghanistan,AFG,2008,0.302
Afghanistan,AFG,2010,0.248
Afghanistan,AFG,2011,0.248
Afghanistan,AFG,2012,0.248
Afghanistan,AFG,2013,0.248
Afghanistan,AFG,2014,0.277
Afghanistan,AFG,2015,0.277
Afghanistan,AFG,2016,0.255
Afghanistan,AFG,2017,0.255
Afghanistan,AFG,2018,0.29700000000000004
Afghanistan,AFG,2019,0.28500000000000003
Afghanistan,AFG,2020,0.28500000000000003
Afghanistan,AFG,2021,0.032
Afghanistan,AFG,2022,0.032
Afghanistan,AFG,2023,0.026000000000000002
Afghanistan,AFG,2024,0.025
Albania,ALB,2006,0.591
Albania,ALB,2008,0.591
Albania,ALB,2010,0.5860000000000001
Albania,ALB,2011,0.581
Albania,ALB,2012,0.567
Albania,ALB,2013,0.567
Albania,ALB,2014,0.567
Albania,ALB,2015,0.591
Albania,ALB,2016,0.591
Albania,ALB,2017,0.5980000000000001
Albania,ALB,2018,0.5980000000000001
Albania,ALB,2019,0.589
Albania,ALB,2020,0.608
Albania,ALB,2021,0.611
Albania,ALB,2022,0.641
Albania,ALB,2023,0.628
Albania,ALB,2024,0.62
Algeria,DZA,2006,0.317
Algeria,DZA,2008,0.33199999999999996
Algeria,DZA,2010,0.344
Algeria,DZA,2011,0.344
Algeria,DZA,2012,0.383
Algeria,DZA,2013,0.383
Algeria,DZA,2014,0.383
Algeria,DZA,2015,0.395
Algeria,DZA,2016,0.356
Algeria,DZA,2017,0.356
Algeria,DZA,2018,0.35
Algeria,DZA,2019,0.40099999999999997
Algeria,DZA,2020,0.377
Algeria,DZA,2021,0.377
Algeria,DZA,2022,0.366
Algeria,DZA,2023,0.366
Algeria,DZA,2024,0.355
Angola,AGO,2006,0.24100000000000002
Angola,AGO,2008,0.335
Angola,AGO,2010,0.33199999999999996
Angola,AGO,2011,0.33199999999999996
Angola,AGO,2012,0.335
Angola,AGO,2013,0.335
Angola,AGO,2014,0.335
Angola,AGO,2015,0.335
Angola,AGO,2016,0.33999999999999997
Angola,AGO,2017,0.362
Angola,AGO,2018,0.362
Angola,AGO,2019,0.372
Angola,AGO,2020,0.366
Angola,AGO,2021,0.337
Angola,AGO,2022,0.396
Angola,AGO,2023,0.418
Angola,AGO,2024,0.40499999999999997
Argentina,ARG,2006,0.663
Argentina,ARG,2008,0.663
Argentina,ARG,2010,0.6839999999999999
Argentina,ARG,2011,0.6839999999999999
Argentina,ARG,2012,0.6839999999999999
Argentina,ARG,2013,0.6839999999999999
Argentina,ARG,2014,0.6839999999999999
Argentina,ARG,2015,0.702
Argentina,ARG,2016,0.696
Argentina,ARG,2017,0.696
Argentina,ARG,2018,0.702
Argentina,ARG,2019,0.702
Argentina,ARG,2020,0.6950000000000001
Argentina,ARG,2021,0.6809999999999999
Argentina,ARG,2022,0.6849999999999999
Argentina,ARG,2023,0.662
Argentina,ARG,2024,0.651
Armenia,ARM,2006,0.41500000000000004
Armenia,ARM,2008,0.409
Armenia,ARM,2010,0.409
Armenia,ARM,2011,0.409
Armenia,ARM,2012,0.409
Armenia,ARM,2013,0.40199999999999997
Armenia,ARM,2014,0.413
Armenia,ARM,2015,0.4
Armenia,ARM,2016,0.388
Armenia,ARM,2017,0.41100000000000003
Armenia,ARM,2018,0.479
Armenia,ARM,2019,0.554
Armenia,ARM,2020,0.5349999999999999
Armenia,ARM,2021,0.549
Armenia,ARM,2022,0.563
Armenia,ARM,2023,0.542
Armenia,ARM,2024,0.5349999999999999
Australia,AUS,2006,0.909
Australia,AUS,2008,0.909
Australia,AUS,2010,0.922
Australia,AUS,2011,0.922
Australia,AUS,2012,0.922
Australia,AUS,2013,0.913
Australia,AUS,2014,0.901
Australia,AUS,2015,0.901
Australia,AUS,2016,0.901
Australia,AUS,2017,0.909
Australia,AUS,2018,0.909
Australia,AUS,2019,0.909
Australia,AUS,2020,0.8960000000000001
Australia,AUS,2021,0.89
Australia,AUS,2022,0.8710000000000001
Australia,AUS,2023,0.866
Australia,AUS,2024,0.885
Austria,AUT,2006,0.869
Austria,AUT,2008,0.849
Austria,AUT,2010,0.849
Austria,AUT,2011,0.849
Austria,AUT,2012,0.8619999999999999
Austria,AUT,2013,0.8480000000000001
Austria,AUT,2014,0.8539999999999999
Austria,AUT,2015,0.8539999999999999
Austria,AUT,2016,0.841
Austria,AUT,2017,0.842
Austria,AUT,2018,0.829
Austria,AUT,2019,0.829
Austria,AUT,2020,0.8160000000000001
Austria,AUT,2021,0.807
Austria,AUT,2022,0.82
Austria,AUT,2023,0.828
Austria,AUT,2024,0.828
Azerbaijan,AZE,2006,0.331
Azerbaijan,AZE,2008,0.319
Azerbaijan,AZE,2010,0.315
Azerbaijan,AZE,2011,0.315
Azerbaijan,AZE,2012,0.315
Azerbaijan,AZE,2013,0.306
Azerbaijan,AZE,2014,0.28300000000000003
Azerbaijan,AZE,2015,0.271
Azerbaijan,AZE,2016,0.265
Azerbaijan,AZE,2017,0.265
Azerbaijan,AZE,2018,0.265
Azerbaijan,AZE,2019,0.275
Azerbaijan,AZE,2020,0.268
Azerbaijan,AZE,2021,0.268
Azerbaijan,AZE,2022,0.28700000000000003
Azerbaijan,AZE,2023,0.27999999999999997
Azerbaijan,AZE,2024,0.27999999999999997
Bahrain,BHR,2006,0.353
Bahrain,BHR,2008,0.33799999999999997
Bahrain,BHR,2010,0.34900000000000003
Bahrain,BHR,2011,0.292
Bahrain,BHR,2012,0.253
Bahrain,BHR,2013,0.28700000000000003
Bahrain,BHR,2014,0.28700000000000003
Bahrain,BHR,2015,0.279
Bahrain,BHR,2016,0.279
Bahrain,BHR,2017,0.271
Bahrain,BHR,2018,0.271
Bahrain,BHR,2019,0.255
Bahrain,BHR,2020,0.24900000000000003
Bahrain,BHR,2021,0.252
Bahrain,BHR,2022,0.252
Bahrain,BHR,2023,0.252
Bahrain,BHR,2024,0.24500000000000002
Bangladesh,BGD,2006,0.611
Bangladesh,BGD,2008,0.5519999999999999
Bangladesh,BGD,2010,0.587
Bangladesh,BGD,2011,0.5860000000000001
Bangladesh,BGD,2012,0.5860000000000001
Bangladesh,BGD,2013,0.5860000000000001
Bangladesh,BGD,2014,0.5780000000000001
Bangladesh,BGD,2015,0.5730000000000001
Bangladesh,BGD,2016,0.5730000000000001
Bangladesh,BGD,2017,0.5429999999999999
Bangladesh,BGD,2018,0.557
Bangladesh,BGD,2019,0.588
Bangladesh,BGD,2020,0.599
Bangladesh,BGD,2021,0.599
Bangladesh,BGD,2022,0.599
Bangladesh,BGD,2023,0.587
Bangladesh,BGD,2024,0.44400000000000006
Belarus,BLR,2006,0.33399999999999996
Belarus,BLR,2008,0.33399999999999996
Belarus,BLR,2010,0.33399999999999996
Belarus,BLR,2011,0.316
Belarus,BLR,2012,0.304
Belarus,BLR,2013,0.304
Belarus,BLR,2014,0.369
Belarus,BLR,2015,0.362
Belarus,BLR,2016,0.354
Belarus,BLR,2017,0.313
Belarus,BLR,2018,0.313
Belarus,BLR,2019,0.248
Belarus,BLR,2020,0.259
Belarus,BLR,2021,0.24100000000000002
Belarus,BLR,2022,0.199
Belarus,BLR,2023,0.199
Belarus,BLR,2024,0.199
Belgium,BEL,2006,0.8150000000000001
Belgium,BEL,2008,0.8160000000000001
Belgium,BEL,2010,0.805
Belgium,BEL,2011,0.805
Belgium,BEL,2012,0.805
Belgium,BEL,2013,0.805
Belgium,BEL,2014,0.7929999999999999
Belgium,BEL,2015,0.7929999999999999
Belgium,BEL,2016,0.7769999999999999
Belgium,BEL,2017,0.778
Belgium,BEL,2018,0.778
Belgium,BEL,2019,0.764
Belgium,BEL,2020,0.751
Belgium,BEL,2021,0.751
Belgium,BEL,2022,0.764
Belgium,BEL,2023,0.764
Belgium,BEL,2024,0.764
Benin,BEN,2006,0.616
Benin,BEN,2008,0.606
Benin,BEN,2010,0.617
Benin,BEN,2011,0.606
Benin,BEN,2012,0.6
Benin,BEN,2013,0.587
Benin,BEN,2014,0.5650000000000001
Benin,BEN,2015,0.572
Benin,BEN,2016,0.567
Benin,BEN,2017,0.561
Benin,BEN,2018,0.5740000000000001
Benin,BEN,2019,0.509
Benin,BEN,2020,0.458
Benin,BEN,2021,0.41900000000000004
Benin,BEN,2022,0.42800000000000005
Benin,BEN,2023,0.46799999999999997
Benin,BEN,2024,0.44400000000000006
Bhutan,BTN,2006,0.262
Bhutan,BTN,2008,0.43
Bhutan,BTN,2010,0.46799999999999997
Bhutan,BTN,2011,0.457
Bhutan,BTN,2012,0.465
Bhutan,BTN,2013,0.48200000000000004
Bhutan,BTN,2014,0.487
Bhutan,BTN,2015,0.493
Bhutan,BTN,2016,0.493
Bhutan,BTN,2017,0.508
Bhutan,BTN,2018,0.53
Bhutan,BTN,2019,0.53
Bhutan,BTN,2020,0.571
Bhutan,BTN,2021,0.571
Bhutan,BTN,2022,0.554
Bhutan,BTN,2023,0.554
Bhutan,BTN,2024,0.5650000000000001
Bolivia,BOL,2006,0.5980000000000001
Bolivia,BOL,2008,0.615
Bolivia,BOL,2010,0.592
Bolivia,BOL,2011,0.584
Bolivia,BOL,2012,0.584
Bolivia,BOL,2013,0.579
Bolivia,BOL,2014,0.579
Bolivia,BOL,2015,0.575
Bolivia,BOL,2016,0.563
Bolivia,BOL,2017,0.549
Bolivia,BOL,2018,0.5700000000000001
Bolivia,BOL,2019,0.484
Bolivia,BOL,2020,0.508
Bolivia,BOL,2021,0.465
Bolivia,BOL,2022,0.45099999999999996
Bolivia,BOL,2023,0.42000000000000004
Bolivia,BOL,2024,0.426
Bosnia and Herzegovina,BIH,2006,0.5780000000000001
Bosnia and Herzegovina,BIH,2008,0.5700000000000001
Bosnia and Herzegovina,BIH,2010,0.532
Bosnia and Herzegovina,BIH,2011,0.524
Bosnia and Herzegovina,BIH,2012,0.511
Bosnia and Herzegovina,BIH,2013,0.502
Bosnia and Herzegovina,BIH,2014,0.47800000000000004
Bosnia and Herzegovina,BIH,2015,0.483
Bosnia and Herzegovina,BIH,2016,0.487
Bosnia and Herzegovina,BIH,2017,0.487
Bosnia and Herzegovina,BIH,2018,0.49800000000000005
Bosnia and Herzegovina,BIH,2019,0.48600000000000004
Bosnia and Herzegovina,BIH,2020,0.484
Bosnia and Herzegovina,BIH,2021,0.504
Bosnia and Herzegovina,BIH,2022,0.5
Bosnia and Herzegovina,BIH,2023,0.5
Bosnia and Herzegovina,BIH,2024,0.506
Botswana,BWA,2006,0.76
Botswana,BWA,2008,0.747
Botswana,BWA,2010,0.763
Botswana,BWA,2011,0.763
Botswana,BWA,2012,0.7849999999999999
Botswana,BWA,2013,0.798
Botswana,BWA,2014,0.787
Botswana,BWA,2015,0.787
Botswana,BWA,2016,0.787
Botswana,BWA,2017,0.7809999999999999
Botswana,BWA,2018,0.7809999999999999
Botswana,BWA,2019,0.7809999999999999
Botswana,BWA,2020,0.762
Botswana,BWA,2021,0.773
Botswana,BWA,2022,0.773
Botswana,BWA,2023,0.773
Botswana,BWA,2024,0.763
Brazil,BRA,2006,0.738
Brazil,BRA,2008,0.738
Brazil,BRA,2010,0.712
Brazil,BRA,2011,0.712
Brazil,BRA,2012,0.712
Brazil,BRA,2013,0.712
Brazil,BRA,2014,0.738
Brazil,BRA,2015,0.696
Brazil,BRA,2016,0.6900000000000001
Brazil,BRA,2017,0.686
Brazil,BRA,2018,0.697
Brazil,BRA,2019,0.686
Brazil,BRA,2020,0.692
Brazil,BRA,2021,0.686
Brazil,BRA,2022,0.678
Brazil,BRA,2023,0.6679999999999999
Brazil,BRA,2024,0.649
Bulgaria,BGR,2006,0.71
Bulgaria,BGR,2008,0.702
Bulgaria,BGR,2010,0.6839999999999999
Bulgaria,BGR,2011,0.678
Bulgaria,BGR,2012,0.6719999999999999
Bulgaria,BGR,2013,0.683
Bulgaria,BGR,2014,0.673
Bulgaria,BGR,2015,0.714
Bulgaria,BGR,2016,0.701
Bulgaria,BGR,2017,0.7030000000000001
Bulgaria,BGR,2018,0.7030000000000001
Bulgaria,BGR,2019,0.7030000000000001
Bulgaria,BGR,2020,0.671
Bulgaria,BGR,2021,0.6639999999999999
Bulgaria,BGR,2022,0.653
Bulgaria,BGR,2023,0.641
Bulgaria,BGR,2024,0.634
Burkina Faso,BFA,2006,0.372
Burkina Faso,BFA,2008,0.36
Burkina Faso,BFA,2010,0.359
Burkina Faso,BFA,2011,0.359
Burkina Faso,BFA,2012,0.352
Burkina Faso,BFA,2013,0.41500000000000004
Burkina Faso,BFA,2014,0.409
Burkina Faso,BFA,2015,0.47000000000000003
Burkina Faso,BFA,2016,0.47000000000000003
Burkina Faso,BFA,2017,0.475
Burkina Faso,BFA,2018,0.475
Burkina Faso,BFA,2019,0.404
Burkina Faso,BFA,2020,0.373
Burkina Faso,BFA,2021,0.384
Burkina Faso,BFA,2022,0.308
Burkina Faso,BFA,2023,0.273
Burkina Faso,BFA,2024,0.255
Burundi,BDI,2006,0.45099999999999996
Burundi,BDI,2008,0.45099999999999996
Burundi,BDI,2010,0.40099999999999997
Burundi,BDI,2011,0.40099999999999997
Burundi,BDI,2012,0.36
Burundi,BDI,2013,0.341
Burundi,BDI,2014,0.333
Burundi,BDI,2015,0.24900000000000003
Burundi,BDI,2016,0.24
Burundi,BDI,2017,0.233
Burundi,BDI,2018,0.233
Burundi,BDI,2019,0.215
Burundi,BDI,2020,0.21400000000000002
Burundi,BDI,2021,0.213
Burundi,BDI,2022,0.213
Burundi,BDI,2023,0.213
Burundi,BDI,2024,0.213
Cambodia,KHM,2006,0.477
Cambodia,KHM,2008,0.487
Cambodia,KHM,2010,0.487
Cambodia,KHM,2011,0.487
Cambodia,KHM,2012,0.496
Cambodia,KHM,2013,0.45999999999999996
Cambodia,KHM,2014,0.47800000000000004
Cambodia,KHM,2015,0.42699999999999994
Cambodia,KHM,2016,0.42699999999999994
Cambodia,KHM,2017,0.363
Cambodia,KHM,2018,0.359
Cambodia,KHM,2019,0.353
Cambodia,KHM,2020,0.31
Cambodia,KHM,2021,0.29
Cambodia,KHM,2022,0.318
Cambodia,KHM,2023,0.305
Cambodia,KHM,2024,0.294
Cameroon,CMR,2006,0.327
Cameroon,CMR,2008,0.346
Cameroon,CMR,2010,0.341
Cameroon,CMR,2011,0.341
Cameroon,CMR,2012,0.344
Cameroon,CMR,2013,0.341
Cameroon,CMR,2014,0.341
Cameroon,CMR,2015,0.366
Cameroon,CMR,2016,0.346
Cameroon,CMR,2017,0.361
Cameroon,CMR,2018,0.32799999999999996
Cameroon,CMR,2019,0.28500000000000003
Cameroon,CMR,2020,0.277
Cameroon,CMR,2021,0.256
Cameroon,CMR,2022,0.256
Cameroon,CMR,2023,0.256
Cameroon,CMR,2024,0.256
Canada,CAN,2006,0.907
Canada,CAN,2008,0.907
Canada,CAN,2010,0.908
Canada,CAN,2011,0.908
Canada,CAN,2012,0.908
Canada,CAN,2013,0.908
Canada,CAN,2014,0.908
Canada,CAN,2015,0.908
Canada,CAN,2016,0.915
Canada,CAN,2017,0.915
Canada,CAN,2018,0.915
Canada,CAN,2019,0.922
Canada,CAN,2020,0.924
Canada,CAN,2021,0.8869999999999999
Canada,CAN,2022,0.8880000000000001
Canada,CAN,2023,0.869
Canada,CAN,2024,0.869
Cape Verde,CPV,2006,0.743
Cape Verde,CPV,2008,0.7809999999999999
Cape Verde,CPV,2010,0.794
Cape Verde,CPV,2011,0.792
Cape Verde,CPV,2012,0.792
Cape Verde,CPV,2013,0.792
Cape Verde,CPV,2014,0.7809999999999999
Cape Verde,CPV,2015,0.7809999999999999
Cape Verde,CPV,2016,0.794
Cape Verde,CPV,2017,0.788
Cape Verde,CPV,2018,0.788
Cape Verde,CPV,2019,0.778
Cape Verde,CPV,2020,0.765
Cape Verde,CPV,2021,0.765
Cape Verde,CPV,2022,0.765
Cape Verde,CPV,2023,0.765
Cape Verde,CPV,2024,0.758
Central African Republic,CAF,2006,0.161
Central African Republic,CAF,2008,0.186
Central African Republic,CAF,2010,0.182
Central African Republic,CAF,2011,0.182
Central African Republic,CAF,2012,0.199
Central African Republic,CAF,2013,0.149
Central African Republic,CAF,2014,0.149
Central African Republic,CAF,2015,0.157
Central African Republic,CAF,2016,0.161
Central African Republic,CAF,2017,0.152
Central African Republic,CAF,2018,0.152
Central African Republic,CAF,2019,0.132
Central African Republic,CAF,2020,0.132
Central African Republic,CAF,2021,0.143
Central African Republic,CAF,2022,0.135
Central African Republic,CAF,2023,0.118
Central African Republic,CAF,2024,0.118
Chad,TCD,2006,0.16499999999999998
Chad,TCD,2008,0.152
Chad,TCD,2010,0.152
Chad,TCD,2011,0.162
Chad,TCD,2012,0.162
Chad,TCD,2013,0.15
Chad,TCD,2014,0.15
Chad,TCD,2015,0.15
Chad,TCD,2016,0.15
Chad,TCD,2017,0.15
Chad,TCD,2018,0.161
Chad,TCD,2019,0.161
Chad,TCD,2020,0.155
Chad,TCD,2021,0.16699999999999998
Chad,TCD,2022,0.16699999999999998
Chad,TCD,2023,0.16699999999999998
Chad,TCD,2024,0.189
Chile,CHL,2006,0.7889999999999999
Chile,CHL,2008,0.7889999999999999
Chile,CHL,2010,0.767
Chile,CHL,2011,0.754
Chile,CHL,2012,0.754
Chile,CHL,2013,0.78
Chile,CHL,2014,0.78
Chile,CHL,2015,0.784
Chile,CHL,2016,0.778
Chile,CHL,2017,0.784
Chile,CHL,2018,0.7969999999999999
Chile,CHL,2019,0.808
Chile,CHL,2020,0.828
Chile,CHL,2021,0.792
Chile,CHL,2022,0.8220000000000001
Chile,CHL,2023,0.798
Chile,CHL,2024,0.783
China,CHN,2006,0.29700000000000004
China,CHN,2008,0.304
China,CHN,2010,0.314
China,CHN,2011,0.314
China,CHN,2012,0.3
China,CHN,2013,0.3
China,CHN,2014,0.3
China,CHN,2015,0.314
China,CHN,2016,0.314
China,CHN,2017,0.31
China,CHN,2018,0.33199999999999996
China,CHN,2019,0.22599999999999998
China,CHN,2020,0.227
China,CHN,2021,0.221
China,CHN,2022,0.194
China,CHN,2023,0.21200000000000002
China,CHN,2024,0.211
Colombia,COL,2006,0.64
Colombia,COL,2008,0.654
Colombia,COL,2010,0.655
Colombia,COL,2011,0.663
Colombia,COL,2012,0.663
Colombia,COL,2013,0.655
Colombia,COL,2014,0.655
Colombia,COL,2015,0.662
Colombia,COL,2016,0.667
Colombia,COL,2017,0.667
Colombia,COL,2018,0.696
Colombia,COL,2019,0.713
Colombia,COL,2020,0.704
Colombia,COL,2021,0.648
Colombia,COL,2022,0.6719999999999999
Colombia,COL,2023,0.655
Colombia,COL,2024,0.635
Comoros,COM,2006,0.39
Comoros,COM,2008,0.358
Comoros,COM,2010,0.341
Comoros,COM,2011,0.352
Comoros,COM,2012,0.352
Comoros,COM,2013,0.352
Comoros,COM,2014,0.352
Comoros,COM,2015,0.371
Comoros,COM,2016,0.371
Comoros,COM,2017,0.371
Comoros,COM,2018,0.371
Comoros,COM,2019,0.315
Comoros,COM,2020,0.309
Comoros,COM,2021,0.32
Comoros,COM,2022,0.32
Comoros,COM,2023,0.304
Comoros,COM,2024,0.284
Congo,COG,2006,0.319
Congo,COG,2008,0.294
Congo,COG,2010,0.28900000000000003
Congo,COG,2011,0.28900000000000003
Congo,COG,2012,0.28900000000000003
Congo,COG,2013,0.28900000000000003
Congo,COG,2014,0.28900000000000003
Congo,COG,2015,0.29100000000000004
Congo,COG,2016,0.29100000000000004
Congo,COG,2017,0.325
Congo,COG,2018,0.331
Congo,COG,2019,0.311
Congo,COG,2020,0.311
Congo,COG,2021,0.279
Congo,COG,2022,0.279
Congo,COG,2023,0.279
Congo,COG,2024,0.279
Costa Rica,CRI,2006,0.8039999999999999
Costa Rica,CRI,2008,0.8039999999999999
Costa Rica,CRI,2010,0.8039999999999999
Costa Rica,CRI,2011,0.8099999999999999
Costa Rica,CRI,2012,0.8099999999999999
Costa Rica,CRI,2013,0.8029999999999999
Costa Rica,CRI,2014,0.8029999999999999
Costa Rica,CRI,2015,0.796
Costa Rica,CRI,2016,0.788
Costa Rica,CRI,2017,0.788
Costa Rica,CRI,2018,0.807
Costa Rica,CRI,2019,0.8130000000000001
Costa Rica,CRI,2020,0.8160000000000001
Costa Rica,CRI,2021,0.807
Costa Rica,CRI,2022,0.829
Costa Rica,CRI,2023,0.829
Costa Rica,CRI,2024,0.829
Cote d'Ivoire,CIV,2006,0.33799999999999997
Cote d'Ivoire,CIV,2008,0.327
Cote d'Ivoire,CIV,2010,0.302
Cote d'Ivoire,CIV,2011,0.308
Cote d'Ivoire,CIV,2012,0.325
Cote d'Ivoire,CIV,2013,0.325
Cote d'Ivoire,CIV,2014,0.353
Cote d'Ivoire,CIV,2015,0.331
Cote d'Ivoire,CIV,2016,0.381
Cote d'Ivoire,CIV,2017,0.393
Cote d'Ivoire,CIV,2018,0.41500000000000004
Cote d'Ivoire,CIV,2019,0.40499999999999997
Cote d'Ivoire,CIV,2020,0.41100000000000003
Cote d'Ivoire,CIV,2021,0.422
Cote d'Ivoire,CIV,2022,0.422
Cote d'Ivoire,CIV,2023,0.422
Cote d'Ivoire,CIV,2024,0.422
Croatia,HRV,2006,0.704
Croatia,HRV,2008,0.704
Croatia,HRV,2010,0.6809999999999999
Croatia,HRV,2011,0.673
Croatia,HRV,2012,0.693
Croatia,HRV,2013,0.693
Croatia,HRV,2014,0.693
Croatia,HRV,2015,0.693
Croatia,HRV,2016,0.675
Croatia,HRV,2017,0.663
Croatia,HRV,2018,0.657
Croatia,HRV,2019,0.657
Croatia,HRV,2020,0.65
Croatia,HRV,2021,0.65
Croatia,HRV,2022,0.65
Croatia,HRV,2023,0.65
Croatia,HRV,2024,0.65
Cuba,CUB,2006,0.352
Cuba,CUB,2008,0.352
Cuba,CUB,2010,0.352
Cuba,CUB,2011,0.352
Cuba,CUB,2012,0.352
Cuba,CUB,2013,0.352
Cuba,CUB,2014,0.352
Cuba,CUB,2015,0.352
Cuba,CUB,2016,0.346
Cuba,CUB,2017,0.331
Cuba,CUB,2018,0.3
Cuba,CUB,2019,0.284
Cuba,CUB,2020,0.284
Cuba,CUB,2021,0.259
Cuba,CUB,2022,0.265
Cuba,CUB,2023,0.265
Cuba,CUB,2024,0.258
Cyprus,CYP,2006,0.76
Cyprus,CYP,2008,0.77
Cyprus,CYP,2010,0.729
Cyprus,CYP,2011,0.729
Cyprus,CYP,2012,0.729
Cyprus,CYP,2013,0.729
Cyprus,CYP,2014,0.74
Cyprus,CYP,2015,0.753
Cyprus,CYP,2016,0.765
Cyprus,CYP,2017,0.759
Cyprus,CYP,2018,0.759
Cyprus,CYP,2019,0.759
Cyprus,CYP,2020,0.756
Cyprus,CYP,2021,0.743
Cyprus,CYP,2022,0.738
Cyprus,CYP,2023,0.738
Cyprus,CYP,2024,0.738
Czechia,CZE,2006,0.817
Czechia,CZE,2008,0.819
Czechia,CZE,2010,0.819
Czechia,CZE,2011,0.819
Czechia,CZE,2012,0.819
Czechia,CZE,2013,0.806
Czechia,CZE,2014,0.794
Czechia,CZE,2015,0.794
Czechia,CZE,2016,0.782
Czechia,CZE,2017,0.762
Czechia,CZE,2018,0.769
Czechia,CZE,2019,0.769
Czechia,CZE,2020,0.767
Czechia,CZE,2021,0.774
Czechia,CZE,2022,0.7969999999999999
Czechia,CZE,2023,0.7969999999999999
Czechia,CZE,2024,0.808
Democratic Republic of Congo,COD,2006,0.27599999999999997
Democratic Republic of Congo,COD,2008,0.22799999999999998
Democratic Republic of Congo,COD,2010,0.215
Democratic Republic of Congo,COD,2011,0.215
Democratic Republic of Congo,COD,2012,0.192
Democratic Republic of Congo,COD,2013,0.183
Democratic Republic of Congo,COD,2014,0.175
Democratic Republic of Congo,COD,2015,0.211
Democratic Republic of Congo,COD,2016,0.193
Democratic Republic of Congo,COD,2017,0.161
Democratic Republic of Congo,COD,2018,0.149
Democratic Republic of Congo,COD,2019,0.11299999999999999
Democratic Republic of Congo,COD,2020,0.11299999999999999
Democratic Republic of Congo,COD,2021,0.13999999999999999
Democratic Republic of Congo,COD,2022,0.148
Democratic Republic of Congo,COD,2023,0.16799999999999998
Democratic Republic of Congo,COD,2024,0.192
Denmark,DNK,2006,0.952
Denmark,DNK,2008,0.952
Denmark,DNK,2010,0.952
Denmark,DNK,2011,0.952
Denmark,DNK,2012,0.952
Denmark,DNK,2013,0.9380000000000001
Denmark,DNK,2014,0.9109999999999999
Denmark,DNK,2015,0.9109999999999999
Denmark,DNK,2016,0.9199999999999999
Denmark,DNK,2017,0.922
Denmark,DNK,2018,0.922
Denmark,DNK,2019,0.922
Denmark,DNK,2020,0.915
Denmark,DNK,2021,0.909
Denmark,DNK,2022,0.9279999999999999
Denmark,DNK,2023,0.9279999999999999
Denmark,DNK,2024,0.9279999999999999
Djibouti,DJI,2006,0.23700000000000002
Djibouti,DJI,2008,0.23700000000000002
Djibouti,DJI,2010,0.22000000000000003
Djibouti,DJI,2011,0.268
Djibouti,DJI,2012,0.274
Djibouti,DJI,2013,0.296
Djibouti,DJI,2014,0.29900000000000004
Djibouti,DJI,2015,0.29
Djibouti,DJI,2016,0.28300000000000003
Djibouti,DJI,2017,0.27599999999999997
Djibouti,DJI,2018,0.28700000000000003
Djibouti,DJI,2019,0.277
Djibouti,DJI,2020,0.271
Djibouti,DJI,2021,0.274
Djibouti,DJI,2022,0.274
Djibouti,DJI,2023,0.27
Djibouti,DJI,2024,0.27
Dominican Republic,DOM,2006,0.613
Dominican Republic,DOM,2008,0.62
Dominican Republic,DOM,2010,0.62
Dominican Republic,DOM,2011,0.62
Dominican Republic,DOM,2012,0.649
Dominican Republic,DOM,2013,0.674
Dominican Republic,DOM,2014,0.667
Dominican Republic,DOM,2015,0.667
Dominican Republic,DOM,2016,0.667
Dominican Republic,DOM,2017,0.666
Dominican Republic,DOM,2018,0.654
Dominican Republic,DOM,2019,0.654
Dominican Republic,DOM,2020,0.632
Dominican Republic,DOM,2021,0.645
Dominican Republic,DOM,2022,0.639
Dominican Republic,DOM,2023,0.644
Dominican Republic,DOM,2024,0.662
East Timor,TLS,2006,0.641
East Timor,TLS,2008,0.722
East Timor,TLS,2010,0.722
East Timor,TLS,2011,0.722
East Timor,TLS,2012,0.716
East Timor,TLS,2013,0.724
East Timor,TLS,2014,0.724
East Timor,TLS,2015,0.724
East Timor,TLS,2016,0.724
East Timor,TLS,2017,0.7190000000000001
East Timor,TLS,2018,0.7190000000000001
East Timor,TLS,2019,0.7190000000000001
East Timor,TLS,2020,0.706
East Timor,TLS,2021,0.706
East Timor,TLS,2022,0.706
East Timor,TLS,2023,0.706
East Timor,TLS,2024,0.7030000000000001
Ecuador,ECU,2006,0.564
Ecuador,ECU,2008,0.564
Ecuador,ECU,2010,0.577
Ecuador,ECU,2011,0.572
Ecuador,ECU,2012,0.5780000000000001
Ecuador,ECU,2013,0.587
Ecuador,ECU,2014,0.587
Ecuador,ECU,2015,0.587
Ecuador,ECU,2016,0.581
Ecuador,ECU,2017,0.602
Ecuador,ECU,2018,0.627
Ecuador,ECU,2019,0.633
Ecuador,ECU,2020,0.613
Ecuador,ECU,2021,0.571
Ecuador,ECU,2022,0.5690000000000001
Ecuador,ECU,2023,0.541
Ecuador,ECU,2024,0.524
Egypt,EGY,2006,0.39
Egypt,EGY,2008,0.389
Egypt,EGY,2010,0.307
Egypt,EGY,2011,0.395
Egypt,EGY,2012,0.45599999999999996
Egypt,EGY,2013,0.327
Egypt,EGY,2014,0.316
Egypt,EGY,2015,0.318
Egypt,EGY,2016,0.331
Egypt,EGY,2017,0.33599999999999997
Egypt,EGY,2018,0.33599999999999997
Egypt,EGY,2019,0.306
Egypt,EGY,2020,0.29300000000000004
Egypt,EGY,2021,0.29300000000000004
Egypt,EGY,2022,0.29300000000000004
Egypt,EGY,2023,0.29300000000000004
Egypt,EGY,2024,0.279
El Salvador,SLV,2006,0.622
El Salvador,SLV,2008,0.64
El Salvador,SLV,2010,0.647
El Salvador,SLV,2011,0.647
El Salvador,SLV,2012,0.647
El Salvador,SLV,2013,0.653
El Salvador,SLV,2014,0.653
El Salvador,SLV,2015,0.6639999999999999
El Salvador,SLV,2016,0.6639999999999999
El Salvador,SLV,2017,0.643
El Salvador,SLV,2018,0.596
El Salvador,SLV,2019,0.615
El Salvador,SLV,2020,0.5900000000000001
El Salvador,SLV,2021,0.572
El Salvador,SLV,2022,0.506
El Salvador,SLV,2023,0.471
El Salvador,SLV,2024,0.461
Equatorial Guinea,GNQ,2006,0.209
Equatorial Guinea,GNQ,2008,0.219
Equatorial Guinea,GNQ,2010,0.184
Equatorial Guinea,GNQ,2011,0.177
Equatorial Guinea,GNQ,2012,0.183
Equatorial Guinea,GNQ,2013,0.177
Equatorial Guinea,GNQ,2014,0.16599999999999998
Equatorial Guinea,GNQ,2015,0.177
Equatorial Guinea,GNQ,2016,0.16999999999999998
Equatorial Guinea,GNQ,2017,0.181
Equatorial Guinea,GNQ,2018,0.192
Equatorial Guinea,GNQ,2019,0.192
Equatorial Guinea,GNQ,2020,0.192
Equatorial Guinea,GNQ,2021,0.192
Equatorial Guinea,GNQ,2022,0.192
Equatorial Guinea,GNQ,2023,0.192
Equatorial Guinea,GNQ,2024,0.192
Eritrea,ERI,2006,0.231
Eritrea,ERI,2008,0.231
Eritrea,ERI,2010,0.231
Eritrea,ERI,2011,0.23399999999999999
Eritrea,ERI,2012,0.24
Eritrea,ERI,2013,0.24
Eritrea,ERI,2014,0.244
Eritrea,ERI,2015,0.23700000000000002
Eritrea,ERI,2016,0.23700000000000002
Eritrea,ERI,2017,0.23700000000000002
Eritrea,ERI,2018,0.23700000000000002
Eritrea,ERI,2019,0.23700000000000002
Eritrea,ERI,2020,0.215
Eritrea,ERI,2021,0.20299999999999999
Eritrea,ERI,2022,0.20299999999999999
Eritrea,ERI,2023,0.197
Eritrea,ERI,2024,0.197
Estonia,EST,2006,0.774
Estonia,EST,2008,0.768
Estonia,EST,2010,0.768
Estonia,EST,2011,0.761
Estonia,EST,2012,0.761
Estonia,EST,2013,0.761
Estonia,EST,2014,0.774
Estonia,EST,2015,0.7849999999999999
Estonia,EST,2016,0.7849999999999999
Estonia,EST,2017,0.779
Estonia,EST,2018,0.7969999999999999
Estonia,EST,2019,0.79
Estonia,EST,2020,0.784
Estonia,EST,2021,0.784
Estonia,EST,2022,0.796
Estonia,EST,2023,0.796
Estonia,EST,2024,0.8130000000000001
Eswatini,SWZ,2006,0.29300000000000004
Eswatini,SWZ,2008,0.304
Eswatini,SWZ,2010,0.29
Eswatini,SWZ,2011,0.32599999999999996
Eswatini,SWZ,2012,0.32
Eswatini,SWZ,2013,0.32
Eswatini,SWZ,2014,0.309
Eswatini,SWZ,2015,0.309
Eswatini,SWZ,2016,0.303
Eswatini,SWZ,2017,0.303
Eswatini,SWZ,2018,0.303
Eswatini,SWZ,2019,0.314
Eswatini,SWZ,2020,0.308
Eswatini,SWZ,2021,0.308
Eswatini,SWZ,2022,0.301
Eswatini,SWZ,2023,0.27799999999999997
Eswatini,SWZ,2024,0.26
Ethiopia,ETH,2006,0.472
Ethiopia,ETH,2008,0.45199999999999996
Ethiopia,ETH,2010,0.368
Ethiopia,ETH,2011,0.379
Ethiopia,ETH,2012,0.372
Ethiopia,ETH,2013,0.383
Ethiopia,ETH,2014,0.372
Ethiopia,ETH,2015,0.383
Ethiopia,ETH,2016,0.36
Ethiopia,ETH,2017,0.34199999999999997
Ethiopia,ETH,2018,0.335
Ethiopia,ETH,2019,0.344
Ethiopia,ETH,2020,0.33799999999999997
Ethiopia,ETH,2021,0.32999999999999996
Ethiopia,ETH,2022,0.317
Ethiopia,ETH,2023,0.337
Ethiopia,ETH,2024,0.324
Fiji,FJI,2006,0.5660000000000001
Fiji,FJI,2008,0.511
Fiji,FJI,2010,0.362
Fiji,FJI,2011,0.367
Fiji,FJI,2012,0.367
Fiji,FJI,2013,0.361
Fiji,FJI,2014,0.561
Fiji,FJI,2015,0.5690000000000001
Fiji,FJI,2016,0.564
Fiji,FJI,2017,0.585
Fiji,FJI,2018,0.585
Fiji,FJI,2019,0.585
Fiji,FJI,2020,0.572
Fiji,FJI,2021,0.561
Fiji,FJI,2022,0.5549999999999999
Fiji,FJI,2023,0.5549999999999999
Fiji,FJI,2024,0.5389999999999999
Finland,FIN,2006,0.925
Finland,FIN,2008,0.925
Finland,FIN,2010,0.9189999999999999
Finland,FIN,2011,0.906
Finland,FIN,2012,0.906
Finland,FIN,2013,0.9029999999999999
Finland,FIN,2014,0.9029999999999999
Finland,FIN,2015,0.9029999999999999
Finland,FIN,2016,0.9029999999999999
Finland,FIN,2017,0.9029999999999999
Finland,FIN,2018,0.914
Finland,FIN,2019,0.925
Finland,FIN,2020,0.9199999999999999
Finland,FIN,2021,0.9269999999999999
Finland,FIN,2022,0.9289999999999999
Finland,FIN,2023,0.93
Finland,FIN,2024,0.93
France,FRA,2006,0.807
France,FRA,2008,0.807
France,FRA,2010,0.7769999999999999
France,FRA,2011,0.7769999999999999
France,FRA,2012,0.788
France,FRA,2013,0.792
France,FRA,2014,0.8039999999999999
France,FRA,2015,0.792
France,FRA,2016,0.792
France,FRA,2017,0.78
France,FRA,2018,0.78
France,FRA,2019,0.8119999999999999
France,FRA,2020,0.799
France,FRA,2021,0.799
France,FRA,2022,0.807
France,FRA,2023,0.807
France,FRA,2024,0.799
Gabon,GAB,2006,0.272
Gabon,GAB,2008,0.3
Gabon,GAB,2010,0.329
Gabon,GAB,2011,0.348
Gabon,GAB,2012,0.356
Gabon,GAB,2013,0.376
Gabon,GAB,2014,0.376
Gabon,GAB,2015,0.376
Gabon,GAB,2016,0.374
Gabon,GAB,2017,0.361
Gabon,GAB,2018,0.361
Gabon,GAB,2019,0.361
Gabon,GAB,2020,0.354
Gabon,GAB,2021,0.33999999999999997
Gabon,GAB,2022,0.33999999999999997
Gabon,GAB,2023,0.21800000000000003
Gabon,GAB,2024,0.21800000000000003
Gambia,GMB,2006,0.43899999999999995
Gambia,GMB,2008,0.41900000000000004
Gambia,GMB,2010,0.33799999999999997
Gambia,GMB,2011,0.33799999999999997
Gambia,GMB,2012,0.331
Gambia,GMB,2013,0.331
Gambia,GMB,2014,0.305
Gambia,GMB,2015,0.29700000000000004
Gambia,GMB,2016,0.29100000000000004
Gambia,GMB,2017,0.40599999999999997
Gambia,GMB,2018,0.43099999999999994
Gambia,GMB,2019,0.433
Gambia,GMB,2020,0.449
Gambia,GMB,2021,0.441
Gambia,GMB,2022,0.44699999999999995
Gambia,GMB,2023,0.44699999999999995
Gambia,GMB,2024,0.44699999999999995
Georgia,GEO,2006,0.49000000000000005
Georgia,GEO,2008,0.462
Georgia,GEO,2010,0.45899999999999996
Georgia,GEO,2011,0.47400000000000003
Georgia,GEO,2012,0.553
Georgia,GEO,2013,0.595
Georgia,GEO,2014,0.5820000000000001
Georgia,GEO,2015,0.588
Georgia,GEO,2016,0.593
Georgia,GEO,2017,0.593
Georgia,GEO,2018,0.55
Georgia,GEO,2019,0.542
Georgia,GEO,2020,0.5309999999999999
Georgia,GEO,2021,0.512
Georgia,GEO,2022,0.52
Georgia,GEO,2023,0.52
Georgia,GEO,2024,0.47000000000000003
Germany,DEU,2006,0.882
Germany,DEU,2008,0.882
Germany,DEU,2010,0.8380000000000001
Germany,DEU,2011,0.834
Germany,DEU,2012,0.834
Germany,DEU,2013,0.8310000000000001
Germany,DEU,2014,0.8640000000000001
Germany,DEU,2015,0.8640000000000001
Germany,DEU,2016,0.8630000000000001
Germany,DEU,2017,0.861
Germany,DEU,2018,0.868
Germany,DEU,2019,0.868
Germany,DEU,2020,0.867
Germany,DEU,2021,0.867
Germany,DEU,2022,0.8800000000000001
Germany,DEU,2023,0.8800000000000001
Germany,DEU,2024,0.873
Ghana,GHA,2006,0.5349999999999999
Ghana,GHA,2008,0.5349999999999999
Ghana,GHA,2010,0.602
Ghana,GHA,2011,0.602
Ghana,GHA,2012,0.602
Ghana,GHA,2013,0.633
Ghana,GHA,2014,0.633
Ghana,GHA,2015,0.686
Ghana,GHA,2016,0.675
Ghana,GHA,2017,0.669
Ghana,GHA,2018,0.663
Ghana,GHA,2019,0.663
Ghana,GHA,2020,0.65
Ghana,GHA,2021,0.65
Ghana,GHA,2022,0.643
Ghana,GHA,2023,0.63
Ghana,GHA,2024,0.624
Greece,GRC,2006,0.8130000000000001
Greece,GRC,2008,0.8130000000000001
Greece,GRC,2010,0.792
Greece,GRC,2011,0.765
Greece,GRC,2012,0.765
Greece,GRC,2013,0.765
Greece,GRC,2014,0.745
Greece,GRC,2015,0.745
Greece,GRC,2016,0.7230000000000001
Greece,GRC,2017,0.729
Greece,GRC,2018,0.729
Greece,GRC,2019,0.743
Greece,GRC,2020,0.739
Greece,GRC,2021,0.756
Greece,GRC,2022,0.7969999999999999
Greece,GRC,2023,0.8140000000000001
Greece,GRC,2024,0.807
Guatemala,GTM,2006,0.607
Guatemala,GTM,2008,0.607
Guatemala,GTM,2010,0.605
Guatemala,GTM,2011,0.588
Guatemala,GTM,2012,0.588
Guatemala,GTM,2013,0.581
Guatemala,GTM,2014,0.581
Guatemala,GTM,2015,0.592
Guatemala,GTM,2016,0.592
Guatemala,GTM,2017,0.5860000000000001
Guatemala,GTM,2018,0.5599999999999999
Guatemala,GTM,2019,0.526
Guatemala,GTM,2020,0.497
Guatemala,GTM,2021,0.462
Guatemala,GTM,2022,0.46799999999999997
Guatemala,GTM,2023,0.44699999999999995
Guatemala,GTM,2024,0.45499999999999996
Guinea,GIN,2006,0.202
Guinea,GIN,2008,0.209
Guinea,GIN,2010,0.279
Guinea,GIN,2011,0.279
Guinea,GIN,2012,0.279
Guinea,GIN,2013,0.284
Guinea,GIN,2014,0.301
Guinea,GIN,2015,0.314
Guinea,GIN,2016,0.314
Guinea,GIN,2017,0.314
Guinea,GIN,2018,0.314
Guinea,GIN,2019,0.314
Guinea,GIN,2020,0.308
Guinea,GIN,2021,0.22799999999999998
Guinea,GIN,2022,0.23199999999999998
Guinea,GIN,2023,0.221
Guinea,GIN,2024,0.20400000000000001
Guinea-Bissau,GNB,2006,0.2
Guinea-Bissau,GNB,2008,0.199
Guinea-Bissau,GNB,2010,0.199
Guinea-Bissau,GNB,2011,0.199
Guinea-Bissau,GNB,2012,0.143
Guinea-Bissau,GNB,2013,0.126
Guinea-Bissau,GNB,2014,0.193
Guinea-Bissau,GNB,2015,0.193
Guinea-Bissau,GNB,2016,0.198
Guinea-Bissau,GNB,2017,0.198
Guinea-Bissau,GNB,2018,0.198
Guinea-Bissau,GNB,2019,0.263
Guinea-Bissau,GNB,2020,0.263
Guinea-Bissau,GNB,2021,0.275
Guinea-Bissau,GNB,2022,0.256
Guinea-Bissau,GNB,2023,0.24500000000000002
Guinea-Bissau,GNB,2024,0.20299999999999999
Guyana,GUY,2006,0.615
Guyana,GUY,2008,0.612
Guyana,GUY,2010,0.605
Guyana,GUY,2011,0.605
Guyana,GUY,2012,0.605
Guyana,GUY,2013,0.605
Guyana,GUY,2014,0.591
Guyana,GUY,2015,0.605
Guyana,GUY,2016,0.625
Guyana,GUY,2017,0.646
Guyana,GUY,2018,0.667
Guyana,GUY,2019,0.615
Guyana,GUY,2020,0.601
Guyana,GUY,2021,0.625
Guyana,GUY,2022,0.634
Guyana,GUY,2023,0.626
Guyana,GUY,2024,0.611
Haiti,HTI,2006,0.41900000000000004
Haiti,HTI,2008,0.41900000000000004
Haiti,HTI,2010,0.4
Haiti,HTI,2011,0.4
Haiti,HTI,2012,0.396
Haiti,HTI,2013,0.394
Haiti,HTI,2014,0.382
Haiti,HTI,2015,0.394
Haiti,HTI,2016,0.40199999999999997
Haiti,HTI,2017,0.403
Haiti,HTI,2018,0.491
Haiti,HTI,2019,0.457
Haiti,HTI,2020,0.422
Haiti,HTI,2021,0.348
Haiti,HTI,2022,0.281
Haiti,HTI,2023,0.281
Haiti,HTI,2024,0.274
Honduras,HND,2006,0.625
Honduras,HND,2008,0.618
Honduras,HND,2010,0.576
Honduras,HND,2011,0.584
Honduras,HND,2012,0.584
Honduras,HND,2013,0.584
Honduras,HND,2014,0.584
Honduras,HND,2015,0.584
Honduras,HND,2016,0.592
Honduras,HND,2017,0.572
Honduras,HND,2018,0.563
Honduras,HND,2019,0.542
Honduras,HND,2020,0.536
Honduras,HND,2021,0.51
Honduras,HND,2022,0.515
Honduras,HND,2023,0.49800000000000005
Honduras,HND,2024,0.49800000000000005
Hong Kong,HKG,2006,0.603
Hong Kong,HKG,2008,0.585
Hong Kong,HKG,2010,0.592
Hong Kong,HKG,2011,0.592
Hong Kong,HKG,2012,0.642
Hong Kong,HKG,2013,0.642
Hong Kong,HKG,2014,0.646
Hong Kong,HKG,2015,0.65
Hong Kong,HKG,2016,0.642
Hong Kong,HKG,2017,0.631
Hong Kong,HKG,2018,0.615
Hong Kong,HKG,2019,0.602
Hong Kong,HKG,2020,0.557
Hong Kong,HKG,2021,0.5599999999999999
Hong Kong,HKG,2022,0.528
Hong Kong,HKG,2023,0.524
Hong Kong,HKG,2024,0.509
Hungary,HUN,2006,0.753
Hungary,HUN,2008,0.744
Hungary,HUN,2010,0.721
Hungary,HUN,2011,0.704
Hungary,HUN,2012,0.696
Hungary,HUN,2013,0.696
Hungary,HUN,2014,0.6900000000000001
Hungary,HUN,2015,0.6839999999999999
Hungary,HUN,2016,0.6719999999999999
Hungary,HUN,2017,0.6639999999999999
Hungary,HUN,2018,0.663
Hungary,HUN,2019,0.663
Hungary,HUN,2020,0.6559999999999999
Hungary,HUN,2021,0.65
Hungary,HUN,2022,0.6639999999999999
Hungary,HUN,2023,0.6719999999999999
Hungary,HUN,2024,0.651
Iceland,ISL,2006,0.9710000000000001
Iceland,ISL,2008,0.9650000000000001
Iceland,ISL,2010,0.9650000000000001
Iceland,ISL,2011,0.9650000000000001
Iceland,ISL,2012,0.9650000000000001
Iceland,ISL,2013,0.9650000000000001
Iceland,ISL,2014,0.958
Iceland,ISL,2015,0.958
Iceland,ISL,2016,0.95
Iceland,ISL,2017,0.958
Iceland,ISL,2018,0.958
Iceland,ISL,2019,0.958
Iceland,ISL,2020,0.9369999999999999
Iceland,ISL,2021,0.9179999999999999
Iceland,ISL,2022,0.952
Iceland,ISL,2023,0.945
Iceland,ISL,2024,0.9380000000000001
India,IND,2006,0.768
India,IND,2008,0.78
India,IND,2010,0.728
India,IND,2011,0.73
India,IND,2012,0.752
India,IND,2013,0.769
India,IND,2014,0.792
India,IND,2015,0.774
India,IND,2016,0.7809999999999999
India,IND,2017,0.7230000000000001
India,IND,2018,0.7230000000000001
India,IND,2019,0.6900000000000001
India,IND,2020,0.661
India,IND,2021,0.6910000000000001
India,IND,2022,0.704
India,IND,2023,0.718
India,IND,2024,0.729
Indonesia,IDN,2006,0.641
Indonesia,IDN,2008,0.634
Indonesia,IDN,2010,0.653
Indonesia,IDN,2011,0.653
Indonesia,IDN,2012,0.6759999999999999
Indonesia,IDN,2013,0.682
Indonesia,IDN,2014,0.6950000000000001
Indonesia,IDN,2015,0.7030000000000001
Indonesia,IDN,2016,0.697
Indonesia,IDN,2017,0.639
Indonesia,IDN,2018,0.639
Indonesia,IDN,2019,0.648
Indonesia,IDN,2020,0.63
Indonesia,IDN,2021,0.671
Indonesia,IDN,2022,0.671
Indonesia,IDN,2023,0.653
Indonesia,IDN,2024,0.644
Iran,IRN,2006,0.29300000000000004
Iran,IRN,2008,0.28300000000000003
Iran,IRN,2010,0.194
Iran,IRN,2011,0.198
Iran,IRN,2012,0.198
Iran,IRN,2013,0.198
Iran,IRN,2014,0.198
Iran,IRN,2015,0.21600000000000003
Iran,IRN,2016,0.23399999999999999
Iran,IRN,2017,0.24500000000000002
Iran,IRN,2018,0.24500000000000002
Iran,IRN,2019,0.238
Iran,IRN,2020,0.22000000000000003
Iran,IRN,2021,0.195
Iran,IRN,2022,0.196
Iran,IRN,2023,0.196
Iran,IRN,2024,0.196
Iraq,IRQ,2006,0.40099999999999997
Iraq,IRQ,2008,0.4
Iraq,IRQ,2010,0.4
Iraq,IRQ,2011,0.403
Iraq,IRQ,2012,0.41
Iraq,IRQ,2013,0.41
Iraq,IRQ,2014,0.42300000000000004
Iraq,IRQ,2015,0.40800000000000003
Iraq,IRQ,2016,0.40800000000000003
Iraq,IRQ,2017,0.409
Iraq,IRQ,2018,0.40599999999999997
Iraq,IRQ,2019,0.374
Iraq,IRQ,2020,0.362
Iraq,IRQ,2021,0.351
Iraq,IRQ,2022,0.313
Iraq,IRQ,2023,0.288
Iraq,IRQ,2024,0.27999999999999997
Ireland,IRL,2006,0.901
Ireland,IRL,2008,0.901
Ireland,IRL,2010,0.8789999999999999
Ireland,IRL,2011,0.8560000000000001
Ireland,IRL,2012,0.8560000000000001
Ireland,IRL,2013,0.868
Ireland,IRL,2014,0.8720000000000001
Ireland,IRL,2015,0.885
Ireland,IRL,2016,0.915
Ireland,IRL,2017,0.915
Ireland,IRL,2018,0.915
Ireland,IRL,2019,0.924
Ireland,IRL,2020,0.905
Ireland,IRL,2021,0.9
Ireland,IRL,2022,0.913
Ireland,IRL,2023,0.9189999999999999
Ireland,IRL,2024,0.9189999999999999
Israel,ISR,2006,0.728
Israel,ISR,2008,0.748
Israel,ISR,2010,0.748
Israel,ISR,2011,0.753
Israel,ISR,2012,0.753
Israel,ISR,2013,0.753
Israel,ISR,2014,0.763
Israel,ISR,2015,0.7769999999999999
Israel,ISR,2016,0.7849999999999999
Israel,ISR,2017,0.779
Israel,ISR,2018,0.779
Israel,ISR,2019,0.786
Israel,ISR,2020,0.784
Israel,ISR,2021,0.7969999999999999
Israel,ISR,2022,0.7929999999999999
Israel,ISR,2023,0.78
Israel,ISR,2024,0.78
Italy,ITA,2006,0.773
Italy,ITA,2008,0.798
Italy,ITA,2010,0.783
Italy,ITA,2011,0.774
Italy,ITA,2012,0.774
Italy,ITA,2013,0.7849999999999999
Italy,ITA,2014,0.7849999999999999
Italy,ITA,2015,0.798
Italy,ITA,2016,0.798
Italy,ITA,2017,0.798
Italy,ITA,2018,0.771
Italy,ITA,2019,0.752
Italy,ITA,2020,0.774
Italy,ITA,2021,0.768
Italy,ITA,2022,0.769
Italy,ITA,2023,0.769
Italy,ITA,2024,0.758
Jamaica,JAM,2006,0.734
Jamaica,JAM,2008,0.721
Jamaica,JAM,2010,0.721
Jamaica,JAM,2011,0.713
Jamaica,JAM,2012,0.739
Jamaica,JAM,2013,0.739
Jamaica,JAM,2014,0.739
Jamaica,JAM,2015,0.739
Jamaica,JAM,2016,0.739
Jamaica,JAM,2017,0.729
Jamaica,JAM,2018,0.702
Jamaica,JAM,2019,0.696
Jamaica,JAM,2020,0.713
Jamaica,JAM,2021,0.713
Jamaica,JAM,2022,0.713
Jamaica,JAM,2023,0.706
Jamaica,JAM,2024,0.674
Japan,JPN,2006,0.8150000000000001
Japan,JPN,2008,0.825
Japan,JPN,2010,0.808
Japan,JPN,2011,0.808
Japan,JPN,2012,0.808
Japan,JPN,2013,0.808
Japan,JPN,2014,0.808
Japan,JPN,2015,0.796
Japan,JPN,2016,0.799
Japan,JPN,2017,0.788
Japan,JPN,2018,0.799
Japan,JPN,2019,0.799
Japan,JPN,2020,0.8130000000000001
Japan,JPN,2021,0.8150000000000001
Japan,JPN,2022,0.833
Japan,JPN,2023,0.8400000000000001
Japan,JPN,2024,0.8480000000000001
Jordan,JOR,2006,0.392
Jordan,JOR,2008,0.393
Jordan,JOR,2010,0.374
Jordan,JOR,2011,0.389
Jordan,JOR,2012,0.376
Jordan,JOR,2013,0.376
Jordan,JOR,2014,0.376
Jordan,JOR,2015,0.386
Jordan,JOR,2016,0.396
Jordan,JOR,2017,0.387
Jordan,JOR,2018,0.393
Jordan,JOR,2019,0.393
Jordan,JOR,2020,0.362
Jordan,JOR,2021,0.34900000000000003
Jordan,JOR,2022,0.317
Jordan,JOR,2023,0.304
Jordan,JOR,2024,0.32799999999999996
Kazakhstan,KAZ,2006,0.362
Kazakhstan,KAZ,2008,0.34500000000000003
Kazakhstan,KAZ,2010,0.32999999999999996
Kazakhstan,KAZ,2011,0.324
Kazakhstan,KAZ,2012,0.29500000000000004
Kazakhstan,KAZ,2013,0.306
Kazakhstan,KAZ,2014,0.317
Kazakhstan,KAZ,2015,0.306
Kazakhstan,KAZ,2016,0.306
Kazakhstan,KAZ,2017,0.306
Kazakhstan,KAZ,2018,0.294
Kazakhstan,KAZ,2019,0.294
Kazakhstan,KAZ,2020,0.314
Kazakhstan,KAZ,2021,0.308
Kazakhstan,KAZ,2022,0.308
Kazakhstan,KAZ,2023,0.308
Kazakhstan,KAZ,2024,0.308
Kenya,KEN,2006,0.508
Kenya,KEN,2008,0.479
Kenya,KEN,2010,0.471
Kenya,KEN,2011,0.471
Kenya,KEN,2012,0.471
Kenya,KEN,2013,0.513
Kenya,KEN,2014,0.513
Kenya,KEN,2015,0.533
Kenya,KEN,2016,0.533
Kenya,KEN,2017,0.511
Kenya,KEN,2018,0.511
Kenya,KEN,2019,0.518
Kenya,KEN,2020,0.505
Kenya,KEN,2021,0.505
Kenya,KEN,2022,0.505
Kenya,KEN,2023,0.505
Kenya,KEN,2024,0.505
Kuwait,KWT,2006,0.309
Kuwait,KWT,2008,0.339
Kuwait,KWT,2010,0.388
Kuwait,KWT,2011,0.374
Kuwait,KWT,2012,0.378
Kuwait,KWT,2013,0.378
Kuwait,KWT,2014,0.378
Kuwait,KWT,2015,0.385
Kuwait,KWT,2016,0.385
Kuwait,KWT,2017,0.385
Kuwait,KWT,2018,0.385
Kuwait,KWT,2019,0.393
Kuwait,KWT,2020,0.38
Kuwait,KWT,2021,0.391
Kuwait,KWT,2022,0.383
Kuwait,KWT,2023,0.35
Kuwait,KWT,2024,0.27799999999999997
Kyrgyzstan,KGZ,2006,0.40800000000000003
Kyrgyzstan,KGZ,2008,0.40499999999999997
Kyrgyzstan,KGZ,2010,0.43099999999999994
Kyrgyzstan,KGZ,2011,0.434
Kyrgyzstan,KGZ,2012,0.46900000000000003
Kyrgyzstan,KGZ,2013,0.46900000000000003
Kyrgyzstan,KGZ,2014,0.524
Kyrgyzstan,KGZ,2015,0.533
Kyrgyzstan,KGZ,2016,0.493
Kyrgyzstan,KGZ,2017,0.511
Kyrgyzstan,KGZ,2018,0.511
Kyrgyzstan,KGZ,2019,0.489
Kyrgyzstan,KGZ,2020,0.421
Kyrgyzstan,KGZ,2021,0.362
Kyrgyzstan,KGZ,2022,0.362
Kyrgyzstan,KGZ,2023,0.37
Kyrgyzstan,KGZ,2024,0.352
Laos,LAO,2006,0.21000000000000002
Laos,LAO,2008,0.21000000000000002
Laos,LAO,2010,0.21000000000000002
Laos,LAO,2011,0.21000000000000002
Laos,LAO,2012,0.23199999999999998
Laos,LAO,2013,0.221
Laos,LAO,2014,0.221
Laos,LAO,2015,0.221
Laos,LAO,2016,0.23700000000000002
Laos,LAO,2017,0.23700000000000002
Laos,LAO,2018,0.23700000000000002
Laos,LAO,2019,0.21400000000000002
Laos,LAO,2020,0.177
Laos,LAO,2021,0.177
Laos,LAO,2022,0.177
Laos,LAO,2023,0.17099999999999999
Laos,LAO,2024,0.17099999999999999
Latvia,LVA,2006,0.737
Latvia,LVA,2008,0.7230000000000001
Latvia,LVA,2010,0.705
Latvia,LVA,2011,0.705
Latvia,LVA,2012,0.705
Latvia,LVA,2013,0.705
Latvia,LVA,2014,0.748
Latvia,LVA,2015,0.737
Latvia,LVA,2016,0.731
Latvia,LVA,2017,0.725
Latvia,LVA,2018,0.738
Latvia,LVA,2019,0.749
Latvia,LVA,2020,0.724
Latvia,LVA,2021,0.731
Latvia,LVA,2022,0.737
Latvia,LVA,2023,0.738
Latvia,LVA,2024,0.766
Lebanon,LBN,2006,0.5820000000000001
Lebanon,LBN,2008,0.562
Lebanon,LBN,2010,0.5820000000000001
Lebanon,LBN,2011,0.532
Lebanon,LBN,2012,0.505
Lebanon,LBN,2013,0.505
Lebanon,LBN,2014,0.512
Lebanon,LBN,2015,0.48600000000000004
Lebanon,LBN,2016,0.48600000000000004
Lebanon,LBN,2017,0.472
Lebanon,LBN,2018,0.46299999999999997
Lebanon,LBN,2019,0.43600000000000005
Lebanon,LBN,2020,0.41600000000000004
Lebanon,LBN,2021,0.384
Lebanon,LBN,2022,0.364
Lebanon,LBN,2023,0.356
Lebanon,LBN,2024,0.356
Lesotho,LSO,2006,0.648
Lesotho,LSO,2008,0.629
Lesotho,LSO,2010,0.602
Lesotho,LSO,2011,0.633
Lesotho,LSO,2012,0.666
Lesotho,LSO,2013,0.666
Lesotho,LSO,2014,0.666
Lesotho,LSO,2015,0.659
Lesotho,LSO,2016,0.659
Lesotho,LSO,2017,0.6639999999999999
Lesotho,LSO,2018,0.6639999999999999
Lesotho,LSO,2019,0.654
Lesotho,LSO,2020,0.63
Lesotho,LSO,2021,0.63
Lesotho,LSO,2022,0.619
Lesotho,LSO,2023,0.606
Lesotho,LSO,2024,0.606
Liberia,LBR,2006,0.522
Liberia,LBR,2008,0.525
Liberia,LBR,2010,0.507
Liberia,LBR,2011,0.507
Liberia,LBR,2012,0.495
Liberia,LBR,2013,0.495
Liberia,LBR,2014,0.495
Liberia,LBR,2015,0.495
Liberia,LBR,2016,0.5309999999999999
Liberia,LBR,2017,0.523
Liberia,LBR,2018,0.5349999999999999
Liberia,LBR,2019,0.545
Liberia,LBR,2020,0.532
Liberia,LBR,2021,0.5429999999999999
Liberia,LBR,2022,0.5429999999999999
Liberia,LBR,2023,0.557
Liberia,LBR,2024,0.557
Libya,LBY,2006,0.184
Libya,LBY,2008,0.2
Libya,LBY,2010,0.194
Libya,LBY,2011,0.355
Libya,LBY,2012,0.515
Libya,LBY,2013,0.48200000000000004
Libya,LBY,2014,0.38
Libya,LBY,2015,0.225
Libya,LBY,2016,0.225
Libya,LBY,2017,0.23199999999999998
Libya,LBY,2018,0.219
Libya,LBY,2019,0.202
Libya,LBY,2020,0.195
Libya,LBY,2021,0.195
Libya,LBY,2022,0.20600000000000002
Libya,LBY,2023,0.178
Libya,LBY,2024,0.231
Lithuania,LTU,2006,0.743
Lithuania,LTU,2008,0.736
Lithuania,LTU,2010,0.724
Lithuania,LTU,2011,0.724
Lithuania,LTU,2012,0.724
Lithuania,LTU,2013,0.754
Lithuania,LTU,2014,0.754
Lithuania,LTU,2015,0.754
Lithuania,LTU,2016,0.747
Lithuania,LTU,2017,0.741
Lithuania,LTU,2018,0.75
Lithuania,LTU,2019,0.75
Lithuania,LTU,2020,0.713
Lithuania,LTU,2021,0.718
Lithuania,LTU,2022,0.731
Lithuania,LTU,2023,0.731
Lithuania,LTU,2024,0.759
Luxembourg,LUX,2006,0.9099999999999999
Luxembourg,LUX,2008,0.9099999999999999
Luxembourg,LUX,2010,0.8880000000000001
Luxembourg,LUX,2011,0.8880000000000001
Luxembourg,LUX,2012,0.8880000000000001
Luxembourg,LUX,2013,0.8880000000000001
Luxembourg,LUX,2014,0.8880000000000001
Luxembourg,LUX,2015,0.8880000000000001
Luxembourg,LUX,2016,0.881
Luxembourg,LUX,2017,0.881
Luxembourg,LUX,2018,0.881
Luxembourg,LUX,2019,0.881
Luxembourg,LUX,2020,0.868
Luxembourg,LUX,2021,0.868
Luxembourg,LUX,2022,0.881
Luxembourg,LUX,2023,0.881
Luxembourg,LUX,2024,0.8880000000000001
Madagascar,MDG,2006,0.5820000000000001
Madagascar,MDG,2008,0.557
Madagascar,MDG,2010,0.394
Madagascar,MDG,2011,0.393
Madagascar,MDG,2012,0.393
Madagascar,MDG,2013,0.43200000000000005
Madagascar,MDG,2014,0.442
Madagascar,MDG,2015,0.485
Madagascar,MDG,2016,0.507
Madagascar,MDG,2017,0.511
Madagascar,MDG,2018,0.522
Madagascar,MDG,2019,0.564
Madagascar,MDG,2020,0.5700000000000001
Madagascar,MDG,2021,0.5700000000000001
Madagascar,MDG,2022,0.5700000000000001
Madagascar,MDG,2023,0.526
Madagascar,MDG,2024,0.533
Malawi,MWI,2006,0.497
Malawi,MWI,2008,0.513
Malawi,MWI,2010,0.584
Malawi,MWI,2011,0.584
Malawi,MWI,2012,0.608
Malawi,MWI,2013,0.6
Malawi,MWI,2014,0.5660000000000001
Malawi,MWI,2015,0.5549999999999999
Malawi,MWI,2016,0.5549999999999999
Malawi,MWI,2017,0.549
Malawi,MWI,2018,0.549
Malawi,MWI,2019,0.55
Malawi,MWI,2020,0.5740000000000001
Malawi,MWI,2021,0.5740000000000001
Malawi,MWI,2022,0.591
Malawi,MWI,2023,0.585
Malawi,MWI,2024,0.585
Malaysia,MYS,2006,0.5980000000000001
Malaysia,MYS,2008,0.636
Malaysia,MYS,2010,0.619
Malaysia,MYS,2011,0.619
Malaysia,MYS,2012,0.641
Malaysia,MYS,2013,0.649
Malaysia,MYS,2014,0.649
Malaysia,MYS,2015,0.643
Malaysia,MYS,2016,0.654
Malaysia,MYS,2017,0.654
Malaysia,MYS,2018,0.688
Malaysia,MYS,2019,0.716
Malaysia,MYS,2020,0.7190000000000001
Malaysia,MYS,2021,0.724
Malaysia,MYS,2022,0.73
Malaysia,MYS,2023,0.729
Malaysia,MYS,2024,0.7110000000000001
Mali,MLI,2006,0.599
Mali,MLI,2008,0.587
Mali,MLI,2010,0.601
Mali,MLI,2011,0.636
Mali,MLI,2012,0.512
Mali,MLI,2013,0.5900000000000001
Mali,MLI,2014,0.579
Mali,MLI,2015,0.5700000000000001
Mali,MLI,2016,0.5700000000000001
Mali,MLI,2017,0.564
Mali,MLI,2018,0.541
Mali,MLI,2019,0.492
Mali,MLI,2020,0.393
Mali,MLI,2021,0.348
Mali,MLI,2022,0.323
Mali,MLI,2023,0.258
Mali,MLI,2024,0.24
Malta,MLT,2006,0.8390000000000001
Malta,MLT,2008,0.8390000000000001
Malta,MLT,2010,0.828
Malta,MLT,2011,0.828
Malta,MLT,2012,0.828
Malta,MLT,2013,0.828
Malta,MLT,2014,0.8390000000000001
Malta,MLT,2015,0.8390000000000001
Malta,MLT,2016,0.8390000000000001
Malta,MLT,2017,0.8150000000000001
Malta,MLT,2018,0.8210000000000001
Malta,MLT,2019,0.795
Malta,MLT,2020,0.768
Malta,MLT,2021,0.757
Malta,MLT,2022,0.77
Malta,MLT,2023,0.7929999999999999
Malta,MLT,2024,0.7929999999999999
Mauritania,MRT,2006,0.312
Mauritania,MRT,2008,0.391
Mauritania,MRT,2010,0.386
Mauritania,MRT,2011,0.417
Mauritania,MRT,2012,0.417
Mauritania,MRT,2013,0.417
Mauritania,MRT,2014,0.417
Mauritania,MRT,2015,0.396
Mauritania,MRT,2016,0.396
Mauritania,MRT,2017,0.382
Mauritania,MRT,2018,0.382
Mauritania,MRT,2019,0.392
Mauritania,MRT,2020,0.392
Mauritania,MRT,2021,0.403
Mauritania,MRT,2022,0.403
Mauritania,MRT,2023,0.414
Mauritania,MRT,2024,0.396
Mauritius,MUS,2006,0.8039999999999999
Mauritius,MUS,2008,0.8039999999999999
Mauritius,MUS,2010,0.8039999999999999
Mauritius,MUS,2011,0.8039999999999999
Mauritius,MUS,2012,0.817
Mauritius,MUS,2013,0.817
Mauritius,MUS,2014,0.817
Mauritius,MUS,2015,0.828
Mauritius,MUS,2016,0.828
Mauritius,MUS,2017,0.8220000000000001
Mauritius,MUS,2018,0.8220000000000001
Mauritius,MUS,2019,0.8220000000000001
Mauritius,MUS,2020,0.8140000000000001
Mauritius,MUS,2021,0.808
Mauritius,MUS,2022,0.8140000000000001
Mauritius,MUS,2023,0.8140000000000001
Mauritius,MUS,2024,0.8230000000000001
Mexico,MEX,2006,0.667
Mexico,MEX,2008,0.678
Mexico,MEX,2010,0.693
Mexico,MEX,2011,0.693
Mexico,MEX,2012,0.6900000000000001
Mexico,MEX,2013,0.6910000000000001
Mexico,MEX,2014,0.6679999999999999
Mexico,MEX,2015,0.655
Mexico,MEX,2016,0.647
Mexico,MEX,2017,0.641
Mexico,MEX,2018,0.619
Mexico,MEX,2019,0.609
Mexico,MEX,2020,0.607
Mexico,MEX,2021,0.557
Mexico,MEX,2022,0.525
Mexico,MEX,2023,0.514
Mexico,MEX,2024,0.532
Moldova,MDA,2006,0.65
Moldova,MDA,2008,0.65
Moldova,MDA,2010,0.633
Moldova,MDA,2011,0.633
Moldova,MDA,2012,0.632
Moldova,MDA,2013,0.632
Moldova,MDA,2014,0.632
Moldova,MDA,2015,0.635
Moldova,MDA,2016,0.601
Moldova,MDA,2017,0.5940000000000001
Moldova,MDA,2018,0.585
Moldova,MDA,2019,0.575
Moldova,MDA,2020,0.5780000000000001
Moldova,MDA,2021,0.61
Moldova,MDA,2022,0.623
Moldova,MDA,2023,0.623
Moldova,MDA,2024,0.604
Mongolia,MNG,2006,0.6599999999999999
Mongolia,MNG,2008,0.6599999999999999
Mongolia,MNG,2010,0.636
Mongolia,MNG,2011,0.623
Mongolia,MNG,2012,0.635
Mongolia,MNG,2013,0.651
Mongolia,MNG,2014,0.662
Mongolia,MNG,2015,0.662
Mongolia,MNG,2016,0.662
Mongolia,MNG,2017,0.65
Mongolia,MNG,2018,0.65
Mongolia,MNG,2019,0.65
Mongolia,MNG,2020,0.648
Mongolia,MNG,2021,0.642
Mongolia,MNG,2022,0.635
Mongolia,MNG,2023,0.648
Mongolia,MNG,2024,0.653
Montenegro,MNE,2006,0.657
Montenegro,MNE,2008,0.643
Montenegro,MNE,2010,0.627
Montenegro,MNE,2011,0.615
Montenegro,MNE,2012,0.605
Montenegro,MNE,2013,0.5940000000000001
Montenegro,MNE,2014,0.5940000000000001
Montenegro,MNE,2015,0.601
Montenegro,MNE,2016,0.572
Montenegro,MNE,2017,0.5690000000000001
Montenegro,MNE,2018,0.5740000000000001
Montenegro,MNE,2019,0.5650000000000001
Montenegro,MNE,2020,0.577
Montenegro,MNE,2021,0.602
Montenegro,MNE,2022,0.645
Montenegro,MNE,2023,0.667
Montenegro,MNE,2024,0.673
Morocco,MAR,2006,0.39
Morocco,MAR,2008,0.388
Morocco,MAR,2010,0.379
Morocco,MAR,2011,0.383
Morocco,MAR,2012,0.40700000000000003
Morocco,MAR,2013,0.40700000000000003
Morocco,MAR,2014,0.4
Morocco,MAR,2015,0.466
Morocco,MAR,2016,0.477
Morocco,MAR,2017,0.487
Morocco,MAR,2018,0.499
Morocco,MAR,2019,0.51
Morocco,MAR,2020,0.504
Morocco,MAR,2021,0.504
Morocco,MAR,2022,0.504
Morocco,MAR,2023,0.504
Morocco,MAR,2024,0.497
Mozambique,MOZ,2006,0.528
Mozambique,MOZ,2008,0.549
Mozambique,MOZ,2010,0.49000000000000005
Mozambique,MOZ,2011,0.49000000000000005
Mozambique,MOZ,2012,0.488
Mozambique,MOZ,2013,0.477
Mozambique,MOZ,2014,0.466
Mozambique,MOZ,2015,0.45999999999999996
Mozambique,MOZ,2016,0.40199999999999997
Mozambique,MOZ,2017,0.40199999999999997
Mozambique,MOZ,2018,0.385
Mozambique,MOZ,2019,0.365
Mozambique,MOZ,2020,0.351
Mozambique,MOZ,2021,0.351
Mozambique,MOZ,2022,0.351
Mozambique,MOZ,2023,0.351
Mozambique,MOZ,2024,0.33799999999999997
Myanmar,MMR,2006,0.177
Myanmar,MMR,2008,0.177
Myanmar,MMR,2010,0.177
Myanmar,MMR,2011,0.177
Myanmar,MMR,2012,0.23500000000000001
Myanmar,MMR,2013,0.27599999999999997
Myanmar,MMR,2014,0.305
Myanmar,MMR,2015,0.414
Myanmar,MMR,2016,0.42000000000000004
Myanmar,MMR,2017,0.383
Myanmar,MMR,2018,0.383
Myanmar,MMR,2019,0.355
Myanmar,MMR,2020,0.304
Myanmar,MMR,2021,0.10200000000000001
Myanmar,MMR,2022,0.074
Myanmar,MMR,2023,0.08499999999999999
Myanmar,MMR,2024,0.096
Namibia,NAM,2006,0.654
Namibia,NAM,2008,0.648
Namibia,NAM,2010,0.623
Namibia,NAM,2011,0.624
Namibia,NAM,2012,0.624
Namibia,NAM,2013,0.624
Namibia,NAM,2014,0.624
Namibia,NAM,2015,0.631
Namibia,NAM,2016,0.631
Namibia,NAM,2017,0.631
Namibia,NAM,2018,0.625
Namibia,NAM,2019,0.643
Namibia,NAM,2020,0.6519999999999999
Namibia,NAM,2021,0.6519999999999999
Namibia,NAM,2022,0.6519999999999999
Namibia,NAM,2023,0.6519999999999999
Namibia,NAM,2024,0.648
Nepal,NPL,2006,0.34199999999999997
Nepal,NPL,2008,0.40499999999999997
Nepal,NPL,2010,0.42400000000000004
Nepal,NPL,2011,0.42400000000000004
Nepal,NPL,2012,0.41600000000000004
Nepal,NPL,2013,0.477
Nepal,NPL,2014,0.477
Nepal,NPL,2015,0.477
Nepal,NPL,2016,0.48600000000000004
Nepal,NPL,2017,0.518
Nepal,NPL,2018,0.518
Nepal,NPL,2019,0.528
Nepal,NPL,2020,0.522
Nepal,NPL,2021,0.441
Nepal,NPL,2022,0.449
Nepal,NPL,2023,0.45999999999999996
Nepal,NPL,2024,0.45999999999999996
Netherlands,NLD,2006,0.966
Netherlands,NLD,2008,0.953
Netherlands,NLD,2010,0.899
Netherlands,NLD,2011,0.899
Netherlands,NLD,2012,0.899
Netherlands,NLD,2013,0.884
Netherlands,NLD,2014,0.892
Netherlands,NLD,2015,0.892
Netherlands,NLD,2016,0.8800000000000001
Netherlands,NLD,2017,0.889
Netherlands,NLD,2018,0.889
Netherlands,NLD,2019,0.901
Netherlands,NLD,2020,0.8960000000000001
Netherlands,NLD,2021,0.8880000000000001
Netherlands,NLD,2022,0.9
Netherlands,NLD,2023,0.9
Netherlands,NLD,2024,0.9
New Zealand,NZL,2006,0.901
New Zealand,NZL,2008,0.9189999999999999
New Zealand,NZL,2010,0.9259999999999999
New Zealand,NZL,2011,0.9259999999999999
New Zealand,NZL,2012,0.9259999999999999
New Zealand,NZL,2013,0.9259999999999999
New Zealand,NZL,2014,0.9259999999999999
New Zealand,NZL,2015,0.9259999999999999
New Zealand,NZL,2016,0.9259999999999999
New Zealand,NZL,2017,0.9259999999999999
New Zealand,NZL,2018,0.9259999999999999
New Zealand,NZL,2019,0.9259999999999999
New Zealand,NZL,2020,0.925
New Zealand,NZL,2021,0.9369999999999999
New Zealand,NZL,2022,0.961
New Zealand,NZL,2023,0.961
New Zealand,NZL,2024,0.961
Nicaragua,NIC,2006,0.568
Nicaragua,NIC,2008,0.607
Nicaragua,NIC,2010,0.5730000000000001
Nicaragua,NIC,2011,0.5559999999999999
Nicaragua,NIC,2012,0.5559999999999999
Nicaragua,NIC,2013,0.546
Nicaragua,NIC,2014,0.532
Nicaragua,NIC,2015,0.526
Nicaragua,NIC,2016,0.481
Nicaragua,NIC,2017,0.466
Nicaragua,NIC,2018,0.363
Nicaragua,NIC,2019,0.355
Nicaragua,NIC,2020,0.36
Nicaragua,NIC,2021,0.269
Nicaragua,NIC,2022,0.25
Nicaragua,NIC,2023,0.22599999999999998
Nicaragua,NIC,2024,0.209
Niger,NER,2006,0.354
Niger,NER,2008,0.341
Niger,NER,2010,0.33799999999999997
Niger,NER,2011,0.41600000000000004
Niger,NER,2012,0.41600000000000004
Niger,NER,2013,0.40800000000000003
Niger,NER,2014,0.40199999999999997
Niger,NER,2015,0.385
Niger,NER,2016,0.396
Niger,NER,2017,0.376
Niger,NER,2018,0.376
Niger,NER,2019,0.329
Niger,NER,2020,0.329
Niger,NER,2021,0.322
Niger,NER,2022,0.373
Niger,NER,2023,0.23700000000000002
Niger,NER,2024,0.22599999999999998
Nigeria,NGA,2006,0.352
Nigeria,NGA,2008,0.353
Nigeria,NGA,2010,0.34700000000000003
Nigeria,NGA,2011,0.383
Nigeria,NGA,2012,0.377
Nigeria,NGA,2013,0.377
Nigeria,NGA,2014,0.376
Nigeria,NGA,2015,0.462
Nigeria,NGA,2016,0.45
Nigeria,NGA,2017,0.44400000000000006
Nigeria,NGA,2018,0.44400000000000006
Nigeria,NGA,2019,0.41200000000000003
Nigeria,NGA,2020,0.41
Nigeria,NGA,2021,0.41100000000000003
Nigeria,NGA,2022,0.42300000000000004
Nigeria,NGA,2023,0.42300000000000004
Nigeria,NGA,2024,0.41600000000000004
North Korea,PRK,2006,0.10300000000000001
North Korea,PRK,2008,0.086
North Korea,PRK,2010,0.10800000000000001
North Korea,PRK,2011,0.10800000000000001
North Korea,PRK,2012,0.10800000000000001
North Korea,PRK,2013,0.10800000000000001
North Korea,PRK,2014,0.10800000000000001
North Korea,PRK,2015,0.10800000000000001
North Korea,PRK,2016,0.10800000000000001
North Korea,PRK,2017,0.10800000000000001
North Korea,PRK,2018,0.10800000000000001
North Korea,PRK,2019,0.10800000000000001
North Korea,PRK,2020,0.10800000000000001
North Korea,PRK,2021,0.10800000000000001
North Korea,PRK,2022,0.10800000000000001
North Korea,PRK,2023,0.10800000000000001
North Korea,PRK,2024,0.10800000000000001
North Macedonia,MKD,2006,0.633
North Macedonia,MKD,2008,0.621
North Macedonia,MKD,2010,0.616
North Macedonia,MKD,2011,0.616
North Macedonia,MKD,2012,0.616
North Macedonia,MKD,2013,0.616
North Macedonia,MKD,2014,0.625
North Macedonia,MKD,2015,0.602
North Macedonia,MKD,2016,0.523
North Macedonia,MKD,2017,0.557
North Macedonia,MKD,2018,0.587
North Macedonia,MKD,2019,0.597
North Macedonia,MKD,2020,0.589
North Macedonia,MKD,2021,0.603
North Macedonia,MKD,2022,0.61
North Macedonia,MKD,2023,0.603
North Macedonia,MKD,2024,0.628
Norway,NOR,2006,0.9550000000000001
Norway,NOR,2008,0.968
Norway,NOR,2010,0.9800000000000001
Norway,NOR,2011,0.9800000000000001
Norway,NOR,2012,0.993
Norway,NOR,2013,0.993
Norway,NOR,2014,0.993
Norway,NOR,2015,0.993
Norway,NOR,2016,0.993
Norway,NOR,2017,0.9869999999999999
Norway,NOR,2018,0.9869999999999999
Norway,NOR,2019,0.9869999999999999
Norway,NOR,2020,0.9810000000000001
Norway,NOR,2021,0.975
Norway,NOR,2022,0.9810000000000001
Norway,NOR,2023,0.9810000000000001
Norway,NOR,2024,0.9810000000000001
Oman,OMN,2006,0.277
Oman,OMN,2008,0.298
Oman,OMN,2010,0.286
Oman,OMN,2011,0.32599999999999996
Oman,OMN,2012,0.32599999999999996
Oman,OMN,2013,0.32599999999999996
Oman,OMN,2014,0.315
Oman,OMN,2015,0.304
Oman,OMN,2016,0.304
Oman,OMN,2017,0.304
Oman,OMN,2018,0.304
Oman,OMN,2019,0.306
Oman,OMN,2020,0.3
Oman,OMN,2021,0.3
Oman,OMN,2022,0.312
Oman,OMN,2023,0.312
Oman,OMN,2024,0.305
Pakistan,PAK,2006,0.392
Pakistan,PAK,2008,0.446
Pakistan,PAK,2010,0.45499999999999996
Pakistan,PAK,2011,0.45499999999999996
Pakistan,PAK,2012,0.457
Pakistan,PAK,2013,0.46399999999999997
Pakistan,PAK,2014,0.46399999999999997
Pakistan,PAK,2015,0.44000000000000006
Pakistan,PAK,2016,0.433
Pakistan,PAK,2017,0.426
Pakistan,PAK,2018,0.417
Pakistan,PAK,2019,0.425
Pakistan,PAK,2020,0.43099999999999994
Pakistan,PAK,2021,0.43099999999999994
Pakistan,PAK,2022,0.413
Pakistan,PAK,2023,0.325
Pakistan,PAK,2024,0.284
Palestine,PSE,2006,0.601
Palestine,PSE,2008,0.583
Palestine,PSE,2010,0.544
Palestine,PSE,2011,0.497
Palestine,PSE,2012,0.48
Palestine,PSE,2013,0.48
Palestine,PSE,2014,0.472
Palestine,PSE,2015,0.457
Palestine,PSE,2016,0.449
Palestine,PSE,2017,0.446
Palestine,PSE,2018,0.43899999999999995
Palestine,PSE,2019,0.389
Palestine,PSE,2020,0.383
Palestine,PSE,2021,0.394
Palestine,PSE,2022,0.386
Palestine,PSE,2023,0.34700000000000003
Palestine,PSE,2024,0.344
Panama,PAN,2006,0.735
Panama,PAN,2008,0.735
Panama,PAN,2010,0.7150000000000001
Panama,PAN,2011,0.708
Panama,PAN,2012,0.708
Panama,PAN,2013,0.708
Panama,PAN,2014,0.708
Panama,PAN,2015,0.7190000000000001
Panama,PAN,2016,0.713
Panama,PAN,2017,0.708
Panama,PAN,2018,0.705
Panama,PAN,2019,0.705
Panama,PAN,2020,0.718
Panama,PAN,2021,0.6849999999999999
Panama,PAN,2022,0.6910000000000001
Panama,PAN,2023,0.6910000000000001
Panama,PAN,2024,0.6839999999999999
Papua New Guinea,PNG,2006,0.654
Papua New Guinea,PNG,2008,0.654
Papua New Guinea,PNG,2010,0.654
Papua New Guinea,PNG,2011,0.632
Papua New Guinea,PNG,2012,0.632
Papua New Guinea,PNG,2013,0.636
Papua New Guinea,PNG,2014,0.603
Papua New Guinea,PNG,2015,0.603
Papua New Guinea,PNG,2016,0.603
Papua New Guinea,PNG,2017,0.603
Papua New Guinea,PNG,2018,0.603
Papua New Guinea,PNG,2019,0.603
Papua New Guinea,PNG,2020,0.61
Papua New Guinea,PNG,2021,0.61
Papua New Guinea,PNG,2022,0.597
Papua New Guinea,PNG,2023,0.603
Papua New Guinea,PNG,2024,0.597
Paraguay,PRY,2006,0.616
Paraguay,PRY,2008,0.64
Paraguay,PRY,2010,0.64
Paraguay,PRY,2011,0.64
Paraguay,PRY,2012,0.626
Paraguay,PRY,2013,0.626
Paraguay,PRY,2014,0.626
Paraguay,PRY,2015,0.633
Paraguay,PRY,2016,0.627
Paraguay,PRY,2017,0.631
Paraguay,PRY,2018,0.624
Paraguay,PRY,2019,0.624
Paraguay,PRY,2020,0.618
Paraguay,PRY,2021,0.5860000000000001
Paraguay,PRY,2022,0.589
Paraguay,PRY,2023,0.6
Paraguay,PRY,2024,0.592
Peru,PER,2006,0.611
Peru,PER,2008,0.631
Peru,PER,2010,0.64
Peru,PER,2011,0.659
Peru,PER,2012,0.647
Peru,PER,2013,0.654
Peru,PER,2014,0.654
Peru,PER,2015,0.658
Peru,PER,2016,0.665
Peru,PER,2017,0.649
Peru,PER,2018,0.6599999999999999
Peru,PER,2019,0.6599999999999999
Peru,PER,2020,0.653
Peru,PER,2021,0.609
Peru,PER,2022,0.592
Peru,PER,2023,0.581
Peru,PER,2024,0.5690000000000001
Philippines,PHL,2006,0.648
Philippines,PHL,2008,0.612
Philippines,PHL,2010,0.612
Philippines,PHL,2011,0.612
Philippines,PHL,2012,0.63
Philippines,PHL,2013,0.641
Philippines,PHL,2014,0.6769999999999999
Philippines,PHL,2015,0.6839999999999999
Philippines,PHL,2016,0.6940000000000001
Philippines,PHL,2017,0.671
Philippines,PHL,2018,0.671
Philippines,PHL,2019,0.6639999999999999
Philippines,PHL,2020,0.6559999999999999
Philippines,PHL,2021,0.662
Philippines,PHL,2022,0.673
Philippines,PHL,2023,0.666
Philippines,PHL,2024,0.663
Poland,POL,2006,0.73
Poland,POL,2008,0.73
Poland,POL,2010,0.705
Poland,POL,2011,0.712
Poland,POL,2012,0.712
Poland,POL,2013,0.712
Poland,POL,2014,0.747
Poland,POL,2015,0.709
Poland,POL,2016,0.683
Poland,POL,2017,0.667
Poland,POL,2018,0.667
Poland,POL,2019,0.662
Poland,POL,2020,0.6849999999999999
Poland,POL,2021,0.6799999999999999
Poland,POL,2022,0.704
Poland,POL,2023,0.718
Poland,POL,2024,0.74
Portugal,PRT,2006,0.8160000000000001
Portugal,PRT,2008,0.805
Portugal,PRT,2010,0.8019999999999999
Portugal,PRT,2011,0.7809999999999999
Portugal,PRT,2012,0.792
Portugal,PRT,2013,0.765
Portugal,PRT,2014,0.779
Portugal,PRT,2015,0.779
Portugal,PRT,2016,0.786
Portugal,PRT,2017,0.784
Portugal,PRT,2018,0.784
Portugal,PRT,2019,0.8029999999999999
Portugal,PRT,2020,0.79
Portugal,PRT,2021,0.782
Portugal,PRT,2022,0.795
Portugal,PRT,2023,0.775
Portugal,PRT,2024,0.808
Qatar,QAT,2006,0.27799999999999997
Qatar,QAT,2008,0.292
Qatar,QAT,2010,0.309
Qatar,QAT,2011,0.318
Qatar,QAT,2012,0.318
Qatar,QAT,2013,0.318
Qatar,QAT,2014,0.318
Qatar,QAT,2015,0.318
Qatar,QAT,2016,0.318
Qatar,QAT,2017,0.319
Qatar,QAT,2018,0.319
Qatar,QAT,2019,0.319
Qatar,QAT,2020,0.324
Qatar,QAT,2021,0.365
Qatar,QAT,2022,0.365
Qatar,QAT,2023,0.365
Qatar,QAT,2024,0.317
Romania,ROU,2006,0.706
Romania,ROU,2008,0.706
Romania,ROU,2010,0.6599999999999999
Romania,ROU,2011,0.654
Romania,ROU,2012,0.654
Romania,ROU,2013,0.654
Romania,ROU,2014,0.6679999999999999
Romania,ROU,2015,0.6679999999999999
Romania,ROU,2016,0.662
Romania,ROU,2017,0.644
Romania,ROU,2018,0.638
Romania,ROU,2019,0.649
Romania,ROU,2020,0.64
Romania,ROU,2021,0.643
Romania,ROU,2022,0.645
Romania,ROU,2023,0.645
Romania,ROU,2024,0.599
Russia,RUS,2006,0.502
Russia,RUS,2008,0.44800000000000006
Russia,RUS,2010,0.426
Russia,RUS,2011,0.392
Russia,RUS,2012,0.374
Russia,RUS,2013,0.359
Russia,RUS,2014,0.339
Russia,RUS,2015,0.331
Russia,RUS,2016,0.324
Russia,RUS,2017,0.317
Russia,RUS,2018,0.294
Russia,RUS,2019,0.311
Russia,RUS,2020,0.331
Russia,RUS,2021,0.324
Russia,RUS,2022,0.22799999999999998
Russia,RUS,2023,0.22200000000000003
Russia,RUS,2024,0.20299999999999999
Rwanda,RWA,2006,0.382
Rwanda,RWA,2008,0.371
Rwanda,RWA,2010,0.325
Rwanda,RWA,2011,0.325
Rwanda,RWA,2012,0.33599999999999997
Rwanda,RWA,2013,0.33799999999999997
Rwanda,RWA,2014,0.325
Rwanda,RWA,2015,0.307
Rwanda,RWA,2016,0.307
Rwanda,RWA,2017,0.319
Rwanda,RWA,2018,0.335
Rwanda,RWA,2019,0.316
Rwanda,RWA,2020,0.31
Rwanda,RWA,2021,0.31
Rwanda,RWA,2022,0.31
Rwanda,RWA,2023,0.32999999999999996
Rwanda,RWA,2024,0.33399999999999996
Saudi Arabia,SAU,2006,0.192
Saudi Arabia,SAU,2008,0.19
Saudi Arabia,SAU,2010,0.184
Saudi Arabia,SAU,2011,0.177
Saudi Arabia,SAU,2012,0.17099999999999999
Saudi Arabia,SAU,2013,0.182
Saudi Arabia,SAU,2014,0.182
Saudi Arabia,SAU,2015,0.193
Saudi Arabia,SAU,2016,0.193
Saudi Arabia,SAU,2017,0.193
Saudi Arabia,SAU,2018,0.193
Saudi Arabia,SAU,2019,0.193
Saudi Arabia,SAU,2020,0.20800000000000002
Saudi Arabia,SAU,2021,0.20800000000000002
Saudi Arabia,SAU,2022,0.20800000000000002
Saudi Arabia,SAU,2023,0.20800000000000002
Saudi Arabia,SAU,2024,0.20800000000000002
Senegal,SEN,2006,0.537
Senegal,SEN,2008,0.537
Senegal,SEN,2010,0.5269999999999999
Senegal,SEN,2011,0.5509999999999999
Senegal,SEN,2012,0.609
Senegal,SEN,2013,0.615
Senegal,SEN,2014,0.615
Senegal,SEN,2015,0.608
Senegal,SEN,2016,0.621
Senegal,SEN,2017,0.615
Senegal,SEN,2018,0.615
Senegal,SEN,2019,0.581
Senegal,SEN,2020,0.567
Senegal,SEN,2021,0.553
Senegal,SEN,2022,0.572
Senegal,SEN,2023,0.548
Senegal,SEN,2024,0.593
Serbia,SRB,2006,0.662
Serbia,SRB,2008,0.649
Serbia,SRB,2010,0.633
Serbia,SRB,2011,0.633
Serbia,SRB,2012,0.633
Serbia,SRB,2013,0.667
Serbia,SRB,2014,0.671
Serbia,SRB,2015,0.671
Serbia,SRB,2016,0.657
Serbia,SRB,2017,0.641
Serbia,SRB,2018,0.641
Serbia,SRB,2019,0.641
Serbia,SRB,2020,0.622
Serbia,SRB,2021,0.636
Serbia,SRB,2022,0.633
Serbia,SRB,2023,0.633
Serbia,SRB,2024,0.626
Sierra Leone,SLE,2006,0.357
Sierra Leone,SLE,2008,0.41100000000000003
Sierra Leone,SLE,2010,0.45099999999999996
Sierra Leone,SLE,2011,0.45099999999999996
Sierra Leone,SLE,2012,0.471
Sierra Leone,SLE,2013,0.46399999999999997
Sierra Leone,SLE,2014,0.45599999999999996
Sierra Leone,SLE,2015,0.45499999999999996
Sierra Leone,SLE,2016,0.45499999999999996
Sierra Leone,SLE,2017,0.466
Sierra Leone,SLE,2018,0.466
Sierra Leone,SLE,2019,0.48600000000000004
Sierra Leone,SLE,2020,0.48600000000000004
Sierra Leone,SLE,2021,0.497
Sierra Leone,SLE,2022,0.503
Sierra Leone,SLE,2023,0.43200000000000005
Sierra Leone,SLE,2024,0.43200000000000005
Singapore,SGP,2006,0.589
Singapore,SGP,2008,0.589
Singapore,SGP,2010,0.589
Singapore,SGP,2011,0.589
Singapore,SGP,2012,0.588
Singapore,SGP,2013,0.592
Singapore,SGP,2014,0.603
Singapore,SGP,2015,0.614
Singapore,SGP,2016,0.638
Singapore,SGP,2017,0.632
Singapore,SGP,2018,0.638
Singapore,SGP,2019,0.602
Singapore,SGP,2020,0.603
Singapore,SGP,2021,0.623
Singapore,SGP,2022,0.622
Singapore,SGP,2023,0.618
Singapore,SGP,2024,0.618
Slovakia,SVK,2006,0.74
Slovakia,SVK,2008,0.733
Slovakia,SVK,2010,0.735
Slovakia,SVK,2011,0.735
Slovakia,SVK,2012,0.735
Slovakia,SVK,2013,0.735
Slovakia,SVK,2014,0.735
Slovakia,SVK,2015,0.729
Slovakia,SVK,2016,0.729
Slovakia,SVK,2017,0.716
Slovakia,SVK,2018,0.71
Slovakia,SVK,2019,0.717
Slovakia,SVK,2020,0.697
Slovakia,SVK,2021,0.7030000000000001
Slovakia,SVK,2022,0.7070000000000001
Slovakia,SVK,2023,0.7070000000000001
Slovakia,SVK,2024,0.721
Slovenia,SVN,2006,0.796
Slovenia,SVN,2008,0.796
Slovenia,SVN,2010,0.769
Slovenia,SVN,2011,0.776
Slovenia,SVN,2012,0.788
Slovenia,SVN,2013,0.788
Slovenia,SVN,2014,0.757
Slovenia,SVN,2015,0.757
Slovenia,SVN,2016,0.751
Slovenia,SVN,2017,0.75
Slovenia,SVN,2018,0.75
Slovenia,SVN,2019,0.75
Slovenia,SVN,2020,0.754
Slovenia,SVN,2021,0.754
Slovenia,SVN,2022,0.775
Slovenia,SVN,2023,0.775
Slovenia,SVN,2024,0.782
South Africa,ZAF,2006,0.791
South Africa,ZAF,2008,0.791
South Africa,ZAF,2010,0.779
South Africa,ZAF,2011,0.779
South Africa,ZAF,2012,0.779
South Africa,ZAF,2013,0.79
South Africa,ZAF,2014,0.782
South Africa,ZAF,2015,0.756
South Africa,ZAF,2016,0.741
South Africa,ZAF,2017,0.724
South Africa,ZAF,2018,0.724
South Africa,ZAF,2019,0.724
South Africa,ZAF,2020,0.705
South Africa,ZAF,2021,0.705
South Africa,ZAF,2022,0.705
South Africa,ZAF,2023,0.705
South Africa,ZAF,2024,0.716
South Korea,KOR,2006,0.788
South Korea,KOR,2008,0.8009999999999999
South Korea,KOR,2010,0.8109999999999999
South Korea,KOR,2011,0.806
South Korea,KOR,2012,0.8130000000000001
South Korea,KOR,2013,0.806
South Korea,KOR,2014,0.806
South Korea,KOR,2015,0.7969999999999999
South Korea,KOR,2016,0.792
South Korea,KOR,2017,0.8
South Korea,KOR,2018,0.8
South Korea,KOR,2019,0.8
South Korea,KOR,2020,0.8009999999999999
South Korea,KOR,2021,0.8160000000000001
South Korea,KOR,2022,0.8029999999999999
South Korea,KOR,2023,0.8089999999999999
South Korea,KOR,2024,0.775
Spain,ESP,2006,0.834
Spain,ESP,2008,0.845
Spain,ESP,2010,0.8160000000000001
Spain,ESP,2011,0.8019999999999999
Spain,ESP,2012,0.8019999999999999
Spain,ESP,2013,0.8019999999999999
Spain,ESP,2014,0.805
Spain,ESP,2015,0.8300000000000001
Spain,ESP,2016,0.8300000000000001
Spain,ESP,2017,0.808
Spain,ESP,2018,0.808
Spain,ESP,2019,0.829
Spain,ESP,2020,0.8119999999999999
Spain,ESP,2021,0.794
Spain,ESP,2022,0.807
Spain,ESP,2023,0.807
Spain,ESP,2024,0.8130000000000001
Sri Lanka,LKA,2006,0.658
Sri Lanka,LKA,2008,0.661
Sri Lanka,LKA,2010,0.6639999999999999
Sri Lanka,LKA,2011,0.658
Sri Lanka,LKA,2012,0.575
Sri Lanka,LKA,2013,0.5690000000000001
Sri Lanka,LKA,2014,0.5690000000000001
Sri Lanka,LKA,2015,0.642
Sri Lanka,LKA,2016,0.648
Sri Lanka,LKA,2017,0.648
Sri Lanka,LKA,2018,0.619
Sri Lanka,LKA,2019,0.627
Sri Lanka,LKA,2020,0.614
Sri Lanka,LKA,2021,0.614
Sri Lanka,LKA,2022,0.647
Sri Lanka,LKA,2023,0.617
Sri Lanka,LKA,2024,0.619
Sudan,SDN,2006,0.29
Sudan,SDN,2008,0.281
Sudan,SDN,2010,0.242
Sudan,SDN,2011,0.238
Sudan,SDN,2012,0.238
Sudan,SDN,2013,0.254
Sudan,SDN,2014,0.254
Sudan,SDN,2015,0.23700000000000002
Sudan,SDN,2016,0.23700000000000002
Sudan,SDN,2017,0.215
Sudan,SDN,2018,0.215
Sudan,SDN,2019,0.27
Sudan,SDN,2020,0.254
Sudan,SDN,2021,0.24700000000000003
Sudan,SDN,2022,0.24700000000000003
Sudan,SDN,2023,0.176
Sudan,SDN,2024,0.146
Suriname,SUR,2006,0.6519999999999999
Suriname,SUR,2008,0.658
Suriname,SUR,2010,0.665
Suriname,SUR,2011,0.665
Suriname,SUR,2012,0.665
Suriname,SUR,2013,0.6769999999999999
Suriname,SUR,2014,0.6769999999999999
Suriname,SUR,2015,0.6769999999999999
Suriname,SUR,2016,0.6769999999999999
Suriname,SUR,2017,0.6759999999999999
Suriname,SUR,2018,0.6980000000000001
Suriname,SUR,2019,0.6980000000000001
Suriname,SUR,2020,0.682
Suriname,SUR,2021,0.682
Suriname,SUR,2022,0.6950000000000001
Suriname,SUR,2023,0.688
Suriname,SUR,2024,0.679
Sweden,SWE,2006,0.9880000000000001
Sweden,SWE,2008,0.9880000000000001
Sweden,SWE,2010,0.95
Sweden,SWE,2011,0.95
Sweden,SWE,2012,0.9730000000000001
Sweden,SWE,2013,0.9730000000000001
Sweden,SWE,2014,0.9730000000000001
Sweden,SWE,2015,0.945
Sweden,SWE,2016,0.9390000000000001
Sweden,SWE,2017,0.9390000000000001
Sweden,SWE,2018,0.9390000000000001
Sweden,SWE,2019,0.9390000000000001
Sweden,SWE,2020,0.9259999999999999
Sweden,SWE,2021,0.9259999999999999
Sweden,SWE,2022,0.9390000000000001
Sweden,SWE,2023,0.9390000000000001
Sweden,SWE,2024,0.9390000000000001
Switzerland,CHE,2006,0.9019999999999999
Switzerland,CHE,2008,0.915
Switzerland,CHE,2010,0.909
Switzerland,CHE,2011,0.909
Switzerland,CHE,2012,0.909
Switzerland,CHE,2013,0.909
Switzerland,CHE,2014,0.909
Switzerland,CHE,2015,0.909
Switzerland,CHE,2016,0.909
Switzerland,CHE,2017,0.9029999999999999
Switzerland,CHE,2018,0.9029999999999999
Switzerland,CHE,2019,0.9029999999999999
Switzerland,CHE,2020,0.883
Switzerland,CHE,2021,0.89
Switzerland,CHE,2022,0.914
Switzerland,CHE,2023,0.914
Switzerland,CHE,2024,0.932
Syria,SYR,2006,0.236
Syria,SYR,2008,0.21800000000000003
Syria,SYR,2010,0.231
Syria,SYR,2011,0.199
Syria,SYR,2012,0.16299999999999998
Syria,SYR,2013,0.186
Syria,SYR,2014,0.174
Syria,SYR,2015,0.143
Syria,SYR,2016,0.143
Syria,SYR,2017,0.143
Syria,SYR,2018,0.143
Syria,SYR,2019,0.143
Syria,SYR,2020,0.143
Syria,SYR,2021,0.143
Syria,SYR,2022,0.143
Syria,SYR,2023,0.143
Syria,SYR,2024,0.132
Taiwan,TWN,2006,0.782
Taiwan,TWN,2008,0.782
Taiwan,TWN,2010,0.752
Taiwan,TWN,2011,0.746
Taiwan,TWN,2012,0.757
Taiwan,TWN,2013,0.757
Taiwan,TWN,2014,0.765
Taiwan,TWN,2015,0.783
Taiwan,TWN,2016,0.779
Taiwan,TWN,2017,0.773
Taiwan,TWN,2018,0.773
Taiwan,TWN,2019,0.773
Taiwan,TWN,2020,0.8939999999999999
Taiwan,TWN,2021,0.899
Taiwan,TWN,2022,0.899
Taiwan,TWN,2023,0.892
Taiwan,TWN,2024,0.8779999999999999
Tajikistan,TJK,2006,0.24500000000000002
Tajikistan,TJK,2008,0.24500000000000002
Tajikistan,TJK,2010,0.251
Tajikistan,TJK,2011,0.251
Tajikistan,TJK,2012,0.251
Tajikistan,TJK,2013,0.251
Tajikistan,TJK,2014,0.23700000000000002
Tajikistan,TJK,2015,0.195
Tajikistan,TJK,2016,0.189
Tajikistan,TJK,2017,0.193
Tajikistan,TJK,2018,0.193
Tajikistan,TJK,2019,0.193
Tajikistan,TJK,2020,0.194
Tajikistan,TJK,2021,0.194
Tajikistan,TJK,2022,0.194
Tajikistan,TJK,2023,0.194
Tajikistan,TJK,2024,0.183
Tanzania,TZA,2006,0.518
Tanzania,TZA,2008,0.528
Tanzania,TZA,2010,0.564
Tanzania,TZA,2011,0.564
Tanzania,TZA,2012,0.588
Tanzania,TZA,2013,0.577
Tanzania,TZA,2014,0.577
Tanzania,TZA,2015,0.558
Tanzania,TZA,2016,0.576
Tanzania,TZA,2017,0.5469999999999999
Tanzania,TZA,2018,0.541
Tanzania,TZA,2019,0.516
Tanzania,TZA,2020,0.51
Tanzania,TZA,2021,0.51
Tanzania,TZA,2022,0.51
Tanzania,TZA,2023,0.5349999999999999
Tanzania,TZA,2024,0.52
Thailand,THA,2006,0.567
Thailand,THA,2008,0.6809999999999999
Thailand,THA,2010,0.655
Thailand,THA,2011,0.655
Thailand,THA,2012,0.655
Thailand,THA,2013,0.625
Thailand,THA,2014,0.5389999999999999
Thailand,THA,2015,0.509
Thailand,THA,2016,0.492
Thailand,THA,2017,0.46299999999999997
Thailand,THA,2018,0.46299999999999997
Thailand,THA,2019,0.632
Thailand,THA,2020,0.604
Thailand,THA,2021,0.604
Thailand,THA,2022,0.667
Thailand,THA,2023,0.635
Thailand,THA,2024,0.627
Togo,TGO,2006,0.175
Togo,TGO,2008,0.24300000000000002
Togo,TGO,2010,0.34500000000000003
Togo,TGO,2011,0.34500000000000003
Togo,TGO,2012,0.34500000000000003
Togo,TGO,2013,0.34500000000000003
Togo,TGO,2014,0.34500000000000003
Togo,TGO,2015,0.341
Togo,TGO,2016,0.33199999999999996
Togo,TGO,2017,0.305
Togo,TGO,2018,0.31
Togo,TGO,2019,0.32999999999999996
Togo,TGO,2020,0.27999999999999997
Togo,TGO,2021,0.27999999999999997
Togo,TGO,2022,0.29900000000000004
Togo,TGO,2023,0.29900000000000004
Togo,TGO,2024,0.29900000000000004
Trinidad and Tobago,TTO,2006,0.718
Trinidad and Tobago,TTO,2008,0.721
Trinidad and Tobago,TTO,2010,0.716
Trinidad and Tobago,TTO,2011,0.716
Trinidad and Tobago,TTO,2012,0.6990000000000001
Trinidad and Tobago,TTO,2013,0.6990000000000001
Trinidad and Tobago,TTO,2014,0.6990000000000001
Trinidad and Tobago,TTO,2015,0.71
Trinidad and Tobago,TTO,2016,0.71
Trinidad and Tobago,TTO,2017,0.704
Trinidad and Tobago,TTO,2018,0.716
Trinidad and Tobago,TTO,2019,0.716
Trinidad and Tobago,TTO,2020,0.716
Trinidad and Tobago,TTO,2021,0.716
Trinidad and Tobago,TTO,2022,0.716
Trinidad and Tobago,TTO,2023,0.716
Trinidad and Tobago,TTO,2024,0.709
Tunisia,TUN,2006,0.306
Tunisia,TUN,2008,0.296
Tunisia,TUN,2010,0.279
Tunisia,TUN,2011,0.553
Tunisia,TUN,2012,0.567
Tunisia,TUN,2013,0.576
Tunisia,TUN,2014,0.631
Tunisia,TUN,2015,0.6719999999999999
Tunisia,TUN,2016,0.64
Tunisia,TUN,2017,0.632
Tunisia,TUN,2018,0.641
Tunisia,TUN,2019,0.6719999999999999
Tunisia,TUN,2020,0.659
Tunisia,TUN,2021,0.599
Tunisia,TUN,2022,0.5509999999999999
Tunisia,TUN,2023,0.5509999999999999
Tunisia,TUN,2024,0.471
Turkey,TUR,2006,0.5700000000000001
Turkey,TUR,2008,0.5690000000000001
Turkey,TUR,2010,0.5730000000000001
Turkey,TUR,2011,0.5730000000000001
Turkey,TUR,2012,0.576
Turkey,TUR,2013,0.563
Turkey,TUR,2014,0.512
Turkey,TUR,2015,0.512
Turkey,TUR,2016,0.504
Turkey,TUR,2017,0.488
Turkey,TUR,2018,0.437
Turkey,TUR,2019,0.409
Turkey,TUR,2020,0.44800000000000006
Turkey,TUR,2021,0.43499999999999994
Turkey,TUR,2022,0.43499999999999994
Turkey,TUR,2023,0.433
Turkey,TUR,2024,0.426
Turkmenistan,TKM,2006,0.183
Turkmenistan,TKM,2008,0.172
Turkmenistan,TKM,2010,0.172
Turkmenistan,TKM,2011,0.172
Turkmenistan,TKM,2012,0.172
Turkmenistan,TKM,2013,0.172
Turkmenistan,TKM,2014,0.183
Turkmenistan,TKM,2015,0.183
Turkmenistan,TKM,2016,0.183
Turkmenistan,TKM,2017,0.172
Turkmenistan,TKM,2018,0.172
Turkmenistan,TKM,2019,0.172
Turkmenistan,TKM,2020,0.172
Turkmenistan,TKM,2021,0.16599999999999998
Turkmenistan,TKM,2022,0.16599999999999998
Turkmenistan,TKM,2023,0.16599999999999998
Turkmenistan,TKM,2024,0.16599999999999998
Uganda,UGA,2006,0.514
Uganda,UGA,2008,0.503
Uganda,UGA,2010,0.505
Uganda,UGA,2011,0.513
Uganda,UGA,2012,0.516
Uganda,UGA,2013,0.522
Uganda,UGA,2014,0.522
Uganda,UGA,2015,0.522
Uganda,UGA,2016,0.526
Uganda,UGA,2017,0.509
Uganda,UGA,2018,0.52
Uganda,UGA,2019,0.502
Uganda,UGA,2020,0.49400000000000005
Uganda,UGA,2021,0.44800000000000006
Uganda,UGA,2022,0.45499999999999996
Uganda,UGA,2023,0.449
Uganda,UGA,2024,0.449
Ukraine,UKR,2006,0.6940000000000001
Ukraine,UKR,2008,0.6940000000000001
Ukraine,UKR,2010,0.63
Ukraine,UKR,2011,0.5940000000000001
Ukraine,UKR,2012,0.591
Ukraine,UKR,2013,0.584
Ukraine,UKR,2014,0.542
Ukraine,UKR,2015,0.5700000000000001
Ukraine,UKR,2016,0.5700000000000001
Ukraine,UKR,2017,0.5690000000000001
Ukraine,UKR,2018,0.5690000000000001
Ukraine,UKR,2019,0.5900000000000001
Ukraine,UKR,2020,0.581
Ukraine,UKR,2021,0.557
Ukraine,UKR,2022,0.542
Ukraine,UKR,2023,0.506
Ukraine,UKR,2024,0.49000000000000005
United Arab Emirates,ARE,2006,0.242
United Arab Emirates,ARE,2008,0.26
United Arab Emirates,ARE,2010,0.252
United Arab Emirates,ARE,2011,0.258
United Arab Emirates,ARE,2012,0.258
United Arab Emirates,ARE,2013,0.252
United Arab Emirates,ARE,2014,0.264
United Arab Emirates,ARE,2015,0.275
United Arab Emirates,ARE,2016,0.275
United Arab Emirates,ARE,2017,0.269
United Arab Emirates,ARE,2018,0.27599999999999997
United Arab Emirates,ARE,2019,0.27599999999999997
United Arab Emirates,ARE,2020,0.27
United Arab Emirates,ARE,2021,0.29
United Arab Emirates,ARE,2022,0.29
United Arab Emirates,ARE,2023,0.301
United Arab Emirates,ARE,2024,0.307
United Kingdom,GBR,2006,0.808
United Kingdom,GBR,2008,0.8150000000000001
United Kingdom,GBR,2010,0.8160000000000001
United Kingdom,GBR,2011,0.8160000000000001
United Kingdom,GBR,2012,0.8210000000000001
United Kingdom,GBR,2013,0.8310000000000001
United Kingdom,GBR,2014,0.8310000000000001
United Kingdom,GBR,2015,0.8310000000000001
United Kingdom,GBR,2016,0.836
United Kingdom,GBR,2017,0.853
United Kingdom,GBR,2018,0.853
United Kingdom,GBR,2019,0.852
United Kingdom,GBR,2020,0.8539999999999999
United Kingdom,GBR,2021,0.8099999999999999
United Kingdom,GBR,2022,0.828
United Kingdom,GBR,2023,0.828
United Kingdom,GBR,2024,0.834
United States,USA,2006,0.8220000000000001
United States,USA,2008,0.8220000000000001
United States,USA,2010,0.818
United States,USA,2011,0.8109999999999999
United States,USA,2012,0.8109999999999999
United States,USA,2013,0.8109999999999999
United States,USA,2014,0.8109999999999999
United States,USA,2015,0.805
United States,USA,2016,0.798
United States,USA,2017,0.798
United States,USA,2018,0.796
United States,USA,2019,0.796
United States,USA,2020,0.792
United States,USA,2021,0.7849999999999999
United States,USA,2022,0.7849999999999999
United States,USA,2023,0.7849999999999999
United States,USA,2024,0.7849999999999999
Uruguay,URY,2006,0.796
Uruguay,URY,2008,0.808
Uruguay,URY,2010,0.8099999999999999
Uruguay,URY,2011,0.817
Uruguay,URY,2012,0.817
Uruguay,URY,2013,0.817
Uruguay,URY,2014,0.817
Uruguay,URY,2015,0.817
Uruguay,URY,2016,0.817
Uruguay,URY,2017,0.8119999999999999
Uruguay,URY,2018,0.8380000000000001
Uruguay,URY,2019,0.8380000000000001
Uruguay,URY,2020,0.861
Uruguay,URY,2021,0.885
Uruguay,URY,2022,0.891
Uruguay,URY,2023,0.866
Uruguay,URY,2024,0.867
Uzbekistan,UZB,2006,0.185
Uzbekistan,UZB,2008,0.174
Uzbekistan,UZB,2010,0.174
Uzbekistan,UZB,2011,0.174
Uzbekistan,UZB,2012,0.172
Uzbekistan,UZB,2013,0.172
Uzbekistan,UZB,2014,0.24500000000000002
Uzbekistan,UZB,2015,0.195
Uzbekistan,UZB,2016,0.195
Uzbekistan,UZB,2017,0.195
Uzbekistan,UZB,2018,0.20099999999999998
Uzbekistan,UZB,2019,0.20099999999999998
Uzbekistan,UZB,2020,0.21200000000000002
Uzbekistan,UZB,2021,0.21200000000000002
Uzbekistan,UZB,2022,0.21200000000000002
Uzbekistan,UZB,2023,0.21200000000000002
Uzbekistan,UZB,2024,0.21000000000000002
Venezuela,VEN,2006,0.542
Venezuela,VEN,2008,0.534
Venezuela,VEN,2010,0.518
Venezuela,VEN,2011,0.508
Venezuela,VEN,2012,0.515
Venezuela,VEN,2013,0.507
Venezuela,VEN,2014,0.507
Venezuela,VEN,2015,0.5
Venezuela,VEN,2016,0.46799999999999997
Venezuela,VEN,2017,0.387
Venezuela,VEN,2018,0.316
Venezuela,VEN,2019,0.288
Venezuela,VEN,2020,0.27599999999999997
Venezuela,VEN,2021,0.211
Venezuela,VEN,2022,0.223
Venezuela,VEN,2023,0.231
Venezuela,VEN,2024,0.225
Vietnam,VNM,2006,0.275
Vietnam,VNM,2008,0.253
Vietnam,VNM,2010,0.294
Vietnam,VNM,2011,0.296
Vietnam,VNM,2012,0.28900000000000003
Vietnam,VNM,2013,0.329
Vietnam,VNM,2014,0.341
Vietnam,VNM,2015,0.353
Vietnam,VNM,2016,0.33799999999999997
Vietnam,VNM,2017,0.308
Vietnam,VNM,2018,0.308
Vietnam,VNM,2019,0.308
Vietnam,VNM,2020,0.294
Vietnam,VNM,2021,0.294
Vietnam,VNM,2022,0.273
Vietnam,VNM,2023,0.262
Vietnam,VNM,2024,0.262
World,OWID_WRL,2006,0.55192814
World,OWID_WRL,2008,0.55476646
World,OWID_WRL,2010,0.54623356
World,OWID_WRL,2011,0.54905987
World,OWID_WRL,2012,0.5519401
World,OWID_WRL,2013,0.55341315
World,OWID_WRL,2014,0.5548024
World,OWID_WRL,2015,0.5552994
World,OWID_WRL,2016,0.552006
World,OWID_WRL,2017,0.5475449
World,OWID_WRL,2018,0.5478563000000001
World,OWID_WRL,2019,0.54396405
World,OWID_WRL,2020,0.53697605
World,OWID_WRL,2021,0.52813773
World,OWID_WRL,2022,0.5293173999999999
World,OWID_WRL,2023,0.52253294
World,OWID_WRL,2024,0.5174551000000001
Yemen,YEM,2006,0.298
Yemen,YEM,2008,0.29500000000000004
Yemen,YEM,2010,0.264
Yemen,YEM,2011,0.257
Yemen,YEM,2012,0.312
Yemen,YEM,2013,0.279
Yemen,YEM,2014,0.279
Yemen,YEM,2015,0.22400000000000003
Yemen,YEM,2016,0.207
Yemen,YEM,2017,0.207
Yemen,YEM,2018,0.195
Yemen,YEM,2019,0.195
Yemen,YEM,2020,0.195
Yemen,YEM,2021,0.195
Yemen,YEM,2022,0.195
Yemen,YEM,2023,0.195
Yemen,YEM,2024,0.195
Zambia,ZMB,2006,0.525
Zambia,ZMB,2008,0.525
Zambia,ZMB,2010,0.568
Zambia,ZMB,2011,0.619
Zambia,ZMB,2012,0.626
Zambia,ZMB,2013,0.626
Zambia,ZMB,2014,0.639
Zambia,ZMB,2015,0.628
Zambia,ZMB,2016,0.599
Zambia,ZMB,2017,0.568
Zambia,ZMB,2018,0.561
Zambia,ZMB,2019,0.509
Zambia,ZMB,2020,0.48600000000000004
Zambia,ZMB,2021,0.572
Zambia,ZMB,2022,0.58
Zambia,ZMB,2023,0.58
Zambia,ZMB,2024,0.5730000000000001
Zimbabwe,ZWE,2006,0.262
Zimbabwe,ZWE,2008,0.253
Zimbabwe,ZWE,2010,0.264
Zimbabwe,ZWE,2011,0.268
Zimbabwe,ZWE,2012,0.267
Zimbabwe,ZWE,2013,0.267
Zimbabwe,ZWE,2014,0.27799999999999997
Zimbabwe,ZWE,2015,0.305
Zimbabwe,ZWE,2016,0.305
Zimbabwe,ZWE,2017,0.316
Zimbabwe,ZWE,2018,0.316
Zimbabwe,ZWE,2019,0.316
Zimbabwe,ZWE,2020,0.316
Zimbabwe,ZWE,2021,0.292
Zimbabwe,ZWE,2022,0.292
Zimbabwe,ZWE,2023,0.304
Zimbabwe,ZWE,2024,0.298
